[2026-06-08T15:47:45.615Z] URL: /api/attendance, Method: POST, Auth: NONE, Session: NULL
[2026-06-08T15:47:45.627Z] URL: /api/attendance, Method: POST, Auth: Bearer IMcBaOjlZtsLd..., Session: User: admin@school.com, Role: admin
[2026-06-08T15:47:45.635Z] URL: /api/attendance, Method: POST, Auth: Bearer GuwcGR8Hhulm7..., Session: User: siswa@school.com, Role: siswa
[2026-06-08T15:47:45.674Z] URL: /api/attendance, Method: POST, Auth: Bearer GuwcGR8Hhulm7..., Session: User: siswa@school.com, Role: siswa
[2026-06-08T15:47:45.697Z] URL: /api/attendance, Method: POST, Auth: Bearer GuwcGR8Hhulm7..., Session: User: siswa@school.com, Role: siswa
[2026-06-08T15:47:45.719Z] URL: /, Method: GET, Auth: Bearer GuwcGR8Hhulm7..., Session: User: siswa@school.com, Role: siswa
[2026-06-08T15:47:45.727Z] URL: /, Method: GET, Auth: Bearer IMcBaOjlZtsLd..., Session: User: admin@school.com, Role: admin
[2026-06-08T15:47:45.750Z] URL: /, Method: POST, Auth: Bearer IMcBaOjlZtsLd..., Session: User: admin@school.com, Role: admin
[2026-06-08T15:47:45.761Z] URL: /, Method: POST, Auth: Bearer IMcBaOjlZtsLd..., Session: User: admin@school.com, Role: admin
[2026-06-08T15:47:45.768Z] URL: /4/activate, Method: PUT, Auth: Bearer IMcBaOjlZtsLd..., Session: User: admin@school.com, Role: admin
[2026-06-08T15:47:45.780Z] URL: /, Method: GET, Auth: Bearer IMcBaOjlZtsLd..., Session: User: admin@school.com, Role: admin
[2026-06-08T15:47:45.787Z] URL: /, Method: GET, Auth: Bearer IMcBaOjlZtsLd..., Session: User: admin@school.com, Role: admin
[2026-06-08T15:47:45.795Z] URL: /, Method: POST, Auth: Bearer IMcBaOjlZtsLd..., Session: User: admin@school.com, Role: admin
[2026-06-08T15:47:45.810Z] URL: /, Method: POST, Auth: Bearer IMcBaOjlZtsLd..., Session: User: admin@school.com, Role: admin
[2026-06-08T15:47:45.818Z] URL: /4/activate, Method: PUT, Auth: Bearer IMcBaOjlZtsLd..., Session: User: admin@school.com, Role: admin
[2026-06-08T15:47:45.829Z] URL: /, Method: GET, Auth: Bearer IMcBaOjlZtsLd..., Session: User: admin@school.com, Role: admin
[2026-06-08T15:47:45.836Z] URL: /, Method: GET, Auth: Bearer IMcBaOjlZtsLd..., Session: User: admin@school.com, Role: admin
[2026-06-08T15:47:45.844Z] URL: /1, Method: PUT, Auth: Bearer IMcBaOjlZtsLd..., Session: User: admin@school.com, Role: admin
[2026-06-08T15:47:45.853Z] URL: /1, Method: PUT, Auth: Bearer IMcBaOjlZtsLd..., Session: User: admin@school.com, Role: admin
[2026-06-08T15:47:45.861Z] URL: /1, Method: PUT, Auth: Bearer IMcBaOjlZtsLd..., Session: User: admin@school.com, Role: admin
[2026-06-08T15:47:45.867Z] URL: /1, Method: PUT, Auth: Bearer IMcBaOjlZtsLd..., Session: User: admin@school.com, Role: admin
[2026-06-08T15:47:45.875Z] URL: /1, Method: PUT, Auth: Bearer IMcBaOjlZtsLd..., Session: User: admin@school.com, Role: admin
[2026-06-08T15:47:45.882Z] URL: /, Method: GET, Auth: Bearer IMcBaOjlZtsLd..., Session: User: admin@school.com, Role: admin
[2026-06-08T15:47:45.889Z] URL: /1/activate, Method: PUT, Auth: Bearer IMcBaOjlZtsLd..., Session: User: admin@school.com, Role: admin
[2026-06-08T15:47:45.897Z] URL: /, Method: GET, Auth: Bearer IMcBaOjlZtsLd..., Session: User: admin@school.com, Role: admin
[2026-06-08T15:47:45.902Z] URL: /1/activate, Method: PUT, Auth: Bearer IMcBaOjlZtsLd..., Session: User: admin@school.com, Role: admin
[2026-06-08T15:47:45.912Z] URL: /stats, Method: GET, Auth: Bearer GuwcGR8Hhulm7..., Session: User: siswa@school.com, Role: siswa
[2026-06-08T15:47:45.917Z] URL: /stats, Method: GET, Auth: Bearer wX21kcIlvjUz1..., Session: User: guru@school.com, Role: guru
[2026-06-08T15:47:45.927Z] URL: /stats?classId=1, Method: GET, Auth: Bearer wX21kcIlvjUz1..., Session: User: guru@school.com, Role: guru
[2026-06-08T15:47:45.934Z] URL: /stats?classId=99999, Method: GET, Auth: Bearer wX21kcIlvjUz1..., Session: User: guru@school.com, Role: guru
[2026-06-08T15:47:45.940Z] URL: /stats?date=2026-06-08, Method: GET, Auth: Bearer wX21kcIlvjUz1..., Session: User: guru@school.com, Role: guru
[2026-06-08T15:47:45.945Z] URL: /stats?month=6&year=2026, Method: GET, Auth: Bearer wX21kcIlvjUz1..., Session: User: guru@school.com, Role: guru
[2026-06-08T15:47:45.951Z] URL: /stats?date=2026/06/08, Method: GET, Auth: Bearer wX21kcIlvjUz1..., Session: User: guru@school.com, Role: guru
[2026-06-08T15:47:45.955Z] URL: /stats?month=13, Method: GET, Auth: Bearer wX21kcIlvjUz1..., Session: User: guru@school.com, Role: guru
[2026-06-08T15:47:45.960Z] URL: /attendance, Method: GET, Auth: Bearer wX21kcIlvjUz1..., Session: User: guru@school.com, Role: guru
[2026-06-08T15:47:45.968Z] URL: /attendance?nis=SISWA-BTG-025, Method: GET, Auth: Bearer wX21kcIlvjUz1..., Session: User: guru@school.com, Role: guru
[2026-06-08T15:47:45.974Z] URL: /attendance?classId=1, Method: GET, Auth: Bearer wX21kcIlvjUz1..., Session: User: guru@school.com, Role: guru
[2026-06-08T15:47:45.982Z] URL: /attendance?date=2026-06-08, Method: GET, Auth: Bearer wX21kcIlvjUz1..., Session: User: guru@school.com, Role: guru
[2026-06-08T15:47:45.988Z] URL: /attendance?month=6&year=2026, Method: GET, Auth: Bearer wX21kcIlvjUz1..., Session: User: guru@school.com, Role: guru
[2026-06-08T15:47:45.994Z] URL: /attendance?semesterId=1, Method: GET, Auth: Bearer wX21kcIlvjUz1..., Session: User: guru@school.com, Role: guru
[2026-06-08T15:47:46.000Z] URL: /attendance?date=2026/06/08, Method: GET, Auth: Bearer wX21kcIlvjUz1..., Session: User: guru@school.com, Role: guru
[2026-06-08T15:48:42.131Z] URL: /api/attendance, Method: POST, Auth: NONE, Session: NULL
[2026-06-08T15:48:42.168Z] URL: /api/attendance, Method: POST, Auth: Bearer kXsGbJxfLqo4O..., Session: User: admin@school.com, Role: admin
[requireRole] URL: /api/attendance, context: true, user: true, role: admin, allowed: ["siswa"]
[2026-06-08T15:48:42.174Z] URL: /api/attendance, Method: POST, Auth: Bearer O2FQOvHRmgYhE..., Session: User: siswa@school.com, Role: siswa
[requireRole] URL: /api/attendance, context: true, user: true, role: siswa, allowed: ["siswa"]
[2026-06-08T15:48:42.216Z] URL: /api/attendance, Method: POST, Auth: Bearer O2FQOvHRmgYhE..., Session: User: siswa@school.com, Role: siswa
[requireRole] URL: /api/attendance, context: true, user: true, role: siswa, allowed: ["siswa"]
[2026-06-08T15:48:42.235Z] URL: /api/attendance, Method: POST, Auth: Bearer O2FQOvHRmgYhE..., Session: User: siswa@school.com, Role: siswa
[requireRole] URL: /api/attendance, context: true, user: true, role: siswa, allowed: ["siswa"]
[2026-06-08T15:48:42.254Z] URL: /, Method: GET, Auth: Bearer O2FQOvHRmgYhE..., Session: User: siswa@school.com, Role: siswa
[requireRole] URL: /, context: true, user: true, role: siswa, allowed: ["admin"]
[2026-06-08T15:48:42.264Z] URL: /, Method: GET, Auth: Bearer kXsGbJxfLqo4O..., Session: User: admin@school.com, Role: admin
[requireRole] URL: /, context: true, user: true, role: admin, allowed: ["admin"]
[2026-06-08T15:48:42.284Z] URL: /, Method: POST, Auth: Bearer kXsGbJxfLqo4O..., Session: User: admin@school.com, Role: admin
[requireRole] URL: /, context: true, user: true, role: admin, allowed: ["admin"]
[2026-06-08T15:48:42.296Z] URL: /, Method: POST, Auth: Bearer kXsGbJxfLqo4O..., Session: User: admin@school.com, Role: admin
[requireRole] URL: /, context: true, user: true, role: admin, allowed: ["admin"]
[2026-06-08T15:48:42.301Z] URL: /5/activate, Method: PUT, Auth: Bearer kXsGbJxfLqo4O..., Session: User: admin@school.com, Role: admin
[requireRole] URL: /5/activate, context: true, user: true, role: admin, allowed: ["admin"]
[2026-06-08T15:48:42.314Z] URL: /, Method: GET, Auth: Bearer kXsGbJxfLqo4O..., Session: User: admin@school.com, Role: admin
[requireRole] URL: /, context: true, user: true, role: admin, allowed: ["admin"]
[2026-06-08T15:48:42.319Z] URL: /, Method: GET, Auth: Bearer kXsGbJxfLqo4O..., Session: User: admin@school.com, Role: admin
[requireRole] URL: /, context: true, user: true, role: admin, allowed: ["admin"]
[2026-06-08T15:48:42.328Z] URL: /, Method: POST, Auth: Bearer kXsGbJxfLqo4O..., Session: User: admin@school.com, Role: admin
[requireRole] URL: /, context: true, user: true, role: admin, allowed: ["admin"]
[2026-06-08T15:48:42.336Z] URL: /, Method: POST, Auth: Bearer kXsGbJxfLqo4O..., Session: User: admin@school.com, Role: admin
[requireRole] URL: /, context: true, user: true, role: admin, allowed: ["admin"]
[2026-06-08T15:48:42.343Z] URL: /5/activate, Method: PUT, Auth: Bearer kXsGbJxfLqo4O..., Session: User: admin@school.com, Role: admin
[requireRole] URL: /5/activate, context: true, user: true, role: admin, allowed: ["admin"]
[2026-06-08T15:48:42.352Z] URL: /, Method: GET, Auth: Bearer kXsGbJxfLqo4O..., Session: User: admin@school.com, Role: admin
[requireRole] URL: /, context: true, user: true, role: admin, allowed: ["admin"]
[2026-06-08T15:48:42.361Z] URL: /, Method: GET, Auth: Bearer kXsGbJxfLqo4O..., Session: User: admin@school.com, Role: admin
[requireRole] URL: /, context: true, user: true, role: admin, allowed: ["admin"]
[2026-06-08T15:48:42.367Z] URL: /1, Method: PUT, Auth: Bearer kXsGbJxfLqo4O..., Session: User: admin@school.com, Role: admin
[requireRole] URL: /1, context: true, user: true, role: admin, allowed: ["admin"]
[2026-06-08T15:48:42.373Z] URL: /1, Method: PUT, Auth: Bearer kXsGbJxfLqo4O..., Session: User: admin@school.com, Role: admin
[requireRole] URL: /1, context: true, user: true, role: admin, allowed: ["admin"]
[2026-06-08T15:48:42.382Z] URL: /1, Method: PUT, Auth: Bearer kXsGbJxfLqo4O..., Session: User: admin@school.com, Role: admin
[requireRole] URL: /1, context: true, user: true, role: admin, allowed: ["admin"]
[2026-06-08T15:48:42.389Z] URL: /1, Method: PUT, Auth: Bearer kXsGbJxfLqo4O..., Session: User: admin@school.com, Role: admin
[requireRole] URL: /1, context: true, user: true, role: admin, allowed: ["admin"]
[2026-06-08T15:48:42.397Z] URL: /1, Method: PUT, Auth: Bearer kXsGbJxfLqo4O..., Session: User: admin@school.com, Role: admin
[requireRole] URL: /1, context: true, user: true, role: admin, allowed: ["admin"]
[2026-06-08T15:48:42.404Z] URL: /, Method: GET, Auth: Bearer kXsGbJxfLqo4O..., Session: User: admin@school.com, Role: admin
[requireRole] URL: /, context: true, user: true, role: admin, allowed: ["admin"]
[2026-06-08T15:48:42.410Z] URL: /1/activate, Method: PUT, Auth: Bearer kXsGbJxfLqo4O..., Session: User: admin@school.com, Role: admin
[requireRole] URL: /1/activate, context: true, user: true, role: admin, allowed: ["admin"]
[2026-06-08T15:48:42.418Z] URL: /, Method: GET, Auth: Bearer kXsGbJxfLqo4O..., Session: User: admin@school.com, Role: admin
[requireRole] URL: /, context: true, user: true, role: admin, allowed: ["admin"]
[2026-06-08T15:48:42.428Z] URL: /1/activate, Method: PUT, Auth: Bearer kXsGbJxfLqo4O..., Session: User: admin@school.com, Role: admin
[requireRole] URL: /1/activate, context: true, user: true, role: admin, allowed: ["admin"]
[2026-06-08T15:48:42.438Z] URL: /stats, Method: GET, Auth: Bearer O2FQOvHRmgYhE..., Session: User: siswa@school.com, Role: siswa
[requireRole] URL: /stats, context: true, user: true, role: siswa, allowed: ["admin","guru"]
[2026-06-08T15:48:42.444Z] URL: /stats, Method: GET, Auth: Bearer nAjDmYIPDQJrJ..., Session: User: guru@school.com, Role: guru
[requireRole] URL: /stats, context: true, user: true, role: guru, allowed: ["admin","guru"]
[2026-06-08T15:48:42.452Z] URL: /stats?classId=1, Method: GET, Auth: Bearer nAjDmYIPDQJrJ..., Session: User: guru@school.com, Role: guru
[requireRole] URL: /stats?classId=1, context: true, user: true, role: guru, allowed: ["admin","guru"]
[2026-06-08T15:48:42.460Z] URL: /stats?classId=99999, Method: GET, Auth: Bearer nAjDmYIPDQJrJ..., Session: User: guru@school.com, Role: guru
[requireRole] URL: /stats?classId=99999, context: true, user: true, role: guru, allowed: ["admin","guru"]
[2026-06-08T15:48:42.470Z] URL: /stats?date=2026-06-08, Method: GET, Auth: Bearer nAjDmYIPDQJrJ..., Session: User: guru@school.com, Role: guru
[requireRole] URL: /stats?date=2026-06-08, context: true, user: true, role: guru, allowed: ["admin","guru"]
[2026-06-08T15:48:42.479Z] URL: /stats?month=6&year=2026, Method: GET, Auth: Bearer nAjDmYIPDQJrJ..., Session: User: guru@school.com, Role: guru
[requireRole] URL: /stats?month=6&year=2026, context: true, user: true, role: guru, allowed: ["admin","guru"]
[2026-06-08T15:48:42.486Z] URL: /stats?date=2026/06/08, Method: GET, Auth: Bearer nAjDmYIPDQJrJ..., Session: User: guru@school.com, Role: guru
[requireRole] URL: /stats?date=2026/06/08, context: true, user: true, role: guru, allowed: ["admin","guru"]
[2026-06-08T15:48:42.493Z] URL: /stats?month=13, Method: GET, Auth: Bearer nAjDmYIPDQJrJ..., Session: User: guru@school.com, Role: guru
[requireRole] URL: /stats?month=13, context: true, user: true, role: guru, allowed: ["admin","guru"]
[2026-06-08T15:48:42.499Z] URL: /attendance, Method: GET, Auth: Bearer nAjDmYIPDQJrJ..., Session: User: guru@school.com, Role: guru
[requireRole] URL: /attendance, context: true, user: true, role: guru, allowed: ["admin","guru"]
[2026-06-08T15:48:42.510Z] URL: /attendance?nis=SISWA-BTG-025, Method: GET, Auth: Bearer nAjDmYIPDQJrJ..., Session: User: guru@school.com, Role: guru
[requireRole] URL: /attendance?nis=SISWA-BTG-025, context: true, user: true, role: guru, allowed: ["admin","guru"]
[2026-06-08T15:48:42.518Z] URL: /attendance?classId=1, Method: GET, Auth: Bearer nAjDmYIPDQJrJ..., Session: User: guru@school.com, Role: guru
[requireRole] URL: /attendance?classId=1, context: true, user: true, role: guru, allowed: ["admin","guru"]
[2026-06-08T15:48:42.525Z] URL: /attendance?date=2026-06-08, Method: GET, Auth: Bearer nAjDmYIPDQJrJ..., Session: User: guru@school.com, Role: guru
[requireRole] URL: /attendance?date=2026-06-08, context: true, user: true, role: guru, allowed: ["admin","guru"]
[2026-06-08T15:48:42.532Z] URL: /attendance?month=6&year=2026, Method: GET, Auth: Bearer nAjDmYIPDQJrJ..., Session: User: guru@school.com, Role: guru
[requireRole] URL: /attendance?month=6&year=2026, context: true, user: true, role: guru, allowed: ["admin","guru"]
[2026-06-08T15:48:42.538Z] URL: /attendance?semesterId=1, Method: GET, Auth: Bearer nAjDmYIPDQJrJ..., Session: User: guru@school.com, Role: guru
[requireRole] URL: /attendance?semesterId=1, context: true, user: true, role: guru, allowed: ["admin","guru"]
[2026-06-08T15:48:42.545Z] URL: /attendance?date=2026/06/08, Method: GET, Auth: Bearer nAjDmYIPDQJrJ..., Session: User: guru@school.com, Role: guru
[requireRole] URL: /attendance?date=2026/06/08, context: true, user: true, role: guru, allowed: ["admin","guru"]
[2026-06-08T16:11:39.653Z] URL: /stats, Method: GET, Auth: Bearer eU7SnBzRObwSD..., Session: User: admin@school.com, Role: admin
[requireRole] URL: /stats, context: true, user: true, role: admin, allowed: ["admin","guru"]
[2026-06-08T16:15:34.965Z] URL: /api/attendance, Method: POST, Auth: Bearer DaQ27dT8C0tG1..., Session: User: siswa@school.com, Role: siswa
[requireRole] URL: /api/attendance, context: true, user: true, role: siswa, allowed: ["siswa"]
[2026-06-08T16:16:14.742Z] URL: /api/attendance, Method: POST, Auth: Bearer DaQ27dT8C0tG1..., Session: User: siswa@school.com, Role: siswa
[requireRole] URL: /api/attendance, context: true, user: true, role: siswa, allowed: ["siswa"]
[2026-06-08T16:16:21.356Z] URL: /api/attendance, Method: POST, Auth: Bearer DaQ27dT8C0tG1..., Session: User: siswa@school.com, Role: siswa
[requireRole] URL: /api/attendance, context: true, user: true, role: siswa, allowed: ["siswa"]
[2026-06-08T16:16:23.818Z] URL: /api/attendance, Method: POST, Auth: Bearer DaQ27dT8C0tG1..., Session: User: siswa@school.com, Role: siswa
[requireRole] URL: /api/attendance, context: true, user: true, role: siswa, allowed: ["siswa"]
[2026-06-08T16:16:24.795Z] URL: /api/attendance, Method: POST, Auth: Bearer DaQ27dT8C0tG1..., Session: User: siswa@school.com, Role: siswa
[requireRole] URL: /api/attendance, context: true, user: true, role: siswa, allowed: ["siswa"]
[2026-06-08T16:16:25.465Z] URL: /api/attendance, Method: POST, Auth: Bearer DaQ27dT8C0tG1..., Session: User: siswa@school.com, Role: siswa
[requireRole] URL: /api/attendance, context: true, user: true, role: siswa, allowed: ["siswa"]
[2026-06-08T16:16:26.046Z] URL: /api/attendance, Method: POST, Auth: Bearer DaQ27dT8C0tG1..., Session: User: siswa@school.com, Role: siswa
[requireRole] URL: /api/attendance, context: true, user: true, role: siswa, allowed: ["siswa"]
[2026-06-08T16:16:26.492Z] URL: /api/attendance, Method: POST, Auth: Bearer DaQ27dT8C0tG1..., Session: User: siswa@school.com, Role: siswa
[requireRole] URL: /api/attendance, context: true, user: true, role: siswa, allowed: ["siswa"]
[2026-06-08T16:16:26.829Z] URL: /api/attendance, Method: POST, Auth: Bearer DaQ27dT8C0tG1..., Session: User: siswa@school.com, Role: siswa
[requireRole] URL: /api/attendance, context: true, user: true, role: siswa, allowed: ["siswa"]
[2026-06-08T16:16:27.324Z] URL: /api/attendance, Method: POST, Auth: Bearer DaQ27dT8C0tG1..., Session: User: siswa@school.com, Role: siswa
[requireRole] URL: /api/attendance, context: true, user: true, role: siswa, allowed: ["siswa"]
[2026-06-08T16:16:27.772Z] URL: /api/attendance, Method: POST, Auth: Bearer DaQ27dT8C0tG1..., Session: User: siswa@school.com, Role: siswa
[requireRole] URL: /api/attendance, context: true, user: true, role: siswa, allowed: ["siswa"]
[2026-06-08T16:16:27.968Z] URL: /api/attendance, Method: POST, Auth: Bearer DaQ27dT8C0tG1..., Session: User: siswa@school.com, Role: siswa
[requireRole] URL: /api/attendance, context: true, user: true, role: siswa, allowed: ["siswa"]
[2026-06-08T16:16:28.178Z] URL: /api/attendance, Method: POST, Auth: Bearer DaQ27dT8C0tG1..., Session: User: siswa@school.com, Role: siswa
[requireRole] URL: /api/attendance, context: true, user: true, role: siswa, allowed: ["siswa"]
[2026-06-08T16:16:28.820Z] URL: /api/attendance, Method: POST, Auth: Bearer DaQ27dT8C0tG1..., Session: User: siswa@school.com, Role: siswa
[requireRole] URL: /api/attendance, context: true, user: true, role: siswa, allowed: ["siswa"]
[2026-06-08T16:16:29.033Z] URL: /api/attendance, Method: POST, Auth: Bearer DaQ27dT8C0tG1..., Session: User: siswa@school.com, Role: siswa
[requireRole] URL: /api/attendance, context: true, user: true, role: siswa, allowed: ["siswa"]
[2026-06-08T16:16:29.250Z] URL: /api/attendance, Method: POST, Auth: Bearer DaQ27dT8C0tG1..., Session: User: siswa@school.com, Role: siswa
[requireRole] URL: /api/attendance, context: true, user: true, role: siswa, allowed: ["siswa"]
[2026-06-08T16:16:29.483Z] URL: /api/attendance, Method: POST, Auth: Bearer DaQ27dT8C0tG1..., Session: User: siswa@school.com, Role: siswa
[requireRole] URL: /api/attendance, context: true, user: true, role: siswa, allowed: ["siswa"]
[2026-06-08T16:16:29.716Z] URL: /api/attendance, Method: POST, Auth: Bearer DaQ27dT8C0tG1..., Session: User: siswa@school.com, Role: siswa
[requireRole] URL: /api/attendance, context: true, user: true, role: siswa, allowed: ["siswa"]
[2026-06-08T16:16:29.922Z] URL: /api/attendance, Method: POST, Auth: Bearer DaQ27dT8C0tG1..., Session: User: siswa@school.com, Role: siswa
[requireRole] URL: /api/attendance, context: true, user: true, role: siswa, allowed: ["siswa"]
[2026-06-08T16:16:30.120Z] URL: /api/attendance, Method: POST, Auth: Bearer DaQ27dT8C0tG1..., Session: User: siswa@school.com, Role: siswa
[requireRole] URL: /api/attendance, context: true, user: true, role: siswa, allowed: ["siswa"]
[2026-06-08T16:16:30.313Z] URL: /api/attendance, Method: POST, Auth: Bearer DaQ27dT8C0tG1..., Session: User: siswa@school.com, Role: siswa
[requireRole] URL: /api/attendance, context: true, user: true, role: siswa, allowed: ["siswa"]
[2026-06-08T16:16:30.527Z] URL: /api/attendance, Method: POST, Auth: Bearer DaQ27dT8C0tG1..., Session: User: siswa@school.com, Role: siswa
[requireRole] URL: /api/attendance, context: true, user: true, role: siswa, allowed: ["siswa"]
[2026-06-08T16:16:30.725Z] URL: /api/attendance, Method: POST, Auth: Bearer DaQ27dT8C0tG1..., Session: User: siswa@school.com, Role: siswa
[requireRole] URL: /api/attendance, context: true, user: true, role: siswa, allowed: ["siswa"]
[2026-06-08T16:16:30.898Z] URL: /api/attendance, Method: POST, Auth: Bearer DaQ27dT8C0tG1..., Session: User: siswa@school.com, Role: siswa
[requireRole] URL: /api/attendance, context: true, user: true, role: siswa, allowed: ["siswa"]
[2026-06-08T16:16:31.109Z] URL: /api/attendance, Method: POST, Auth: Bearer DaQ27dT8C0tG1..., Session: User: siswa@school.com, Role: siswa
[requireRole] URL: /api/attendance, context: true, user: true, role: siswa, allowed: ["siswa"]
[2026-06-08T16:16:31.330Z] URL: /api/attendance, Method: POST, Auth: Bearer DaQ27dT8C0tG1..., Session: User: siswa@school.com, Role: siswa
[requireRole] URL: /api/attendance, context: true, user: true, role: siswa, allowed: ["siswa"]
[2026-06-08T16:16:31.780Z] URL: /api/attendance, Method: POST, Auth: Bearer DaQ27dT8C0tG1..., Session: User: siswa@school.com, Role: siswa
[requireRole] URL: /api/attendance, context: true, user: true, role: siswa, allowed: ["siswa"]
[2026-06-08T16:16:32.010Z] URL: /api/attendance, Method: POST, Auth: Bearer DaQ27dT8C0tG1..., Session: User: siswa@school.com, Role: siswa
[requireRole] URL: /api/attendance, context: true, user: true, role: siswa, allowed: ["siswa"]
[2026-06-08T16:16:32.198Z] URL: /api/attendance, Method: POST, Auth: Bearer DaQ27dT8C0tG1..., Session: User: siswa@school.com, Role: siswa
[requireRole] URL: /api/attendance, context: true, user: true, role: siswa, allowed: ["siswa"]
[2026-06-08T16:16:32.399Z] URL: /api/attendance, Method: POST, Auth: Bearer DaQ27dT8C0tG1..., Session: User: siswa@school.com, Role: siswa
[requireRole] URL: /api/attendance, context: true, user: true, role: siswa, allowed: ["siswa"]
[2026-06-08T16:16:32.604Z] URL: /api/attendance, Method: POST, Auth: Bearer DaQ27dT8C0tG1..., Session: User: siswa@school.com, Role: siswa
[requireRole] URL: /api/attendance, context: true, user: true, role: siswa, allowed: ["siswa"]
[2026-06-08T16:16:32.810Z] URL: /api/attendance, Method: POST, Auth: Bearer DaQ27dT8C0tG1..., Session: User: siswa@school.com, Role: siswa
[requireRole] URL: /api/attendance, context: true, user: true, role: siswa, allowed: ["siswa"]
[2026-06-08T16:16:32.985Z] URL: /api/attendance, Method: POST, Auth: Bearer DaQ27dT8C0tG1..., Session: User: siswa@school.com, Role: siswa
[requireRole] URL: /api/attendance, context: true, user: true, role: siswa, allowed: ["siswa"]
[2026-06-08T16:16:33.180Z] URL: /api/attendance, Method: POST, Auth: Bearer DaQ27dT8C0tG1..., Session: User: siswa@school.com, Role: siswa
[requireRole] URL: /api/attendance, context: true, user: true, role: siswa, allowed: ["siswa"]
[2026-06-08T16:16:33.373Z] URL: /api/attendance, Method: POST, Auth: Bearer DaQ27dT8C0tG1..., Session: User: siswa@school.com, Role: siswa
[requireRole] URL: /api/attendance, context: true, user: true, role: siswa, allowed: ["siswa"]
[2026-06-08T16:16:33.558Z] URL: /api/attendance, Method: POST, Auth: Bearer DaQ27dT8C0tG1..., Session: User: siswa@school.com, Role: siswa
[requireRole] URL: /api/attendance, context: true, user: true, role: siswa, allowed: ["siswa"]
[2026-06-08T16:16:33.752Z] URL: /api/attendance, Method: POST, Auth: Bearer DaQ27dT8C0tG1..., Session: User: siswa@school.com, Role: siswa
[requireRole] URL: /api/attendance, context: true, user: true, role: siswa, allowed: ["siswa"]
[2026-06-08T16:16:45.086Z] URL: /api/attendance, Method: POST, Auth: Bearer DaQ27dT8C0tG1..., Session: User: siswa@school.com, Role: siswa
[requireRole] URL: /api/attendance, context: true, user: true, role: siswa, allowed: ["siswa"]
[2026-06-08T16:16:45.370Z] URL: /api/attendance, Method: POST, Auth: Bearer DaQ27dT8C0tG1..., Session: User: siswa@school.com, Role: siswa
[requireRole] URL: /api/attendance, context: true, user: true, role: siswa, allowed: ["siswa"]
[2026-06-08T16:16:46.557Z] URL: /api/attendance, Method: POST, Auth: Bearer DaQ27dT8C0tG1..., Session: User: siswa@school.com, Role: siswa
[requireRole] URL: /api/attendance, context: true, user: true, role: siswa, allowed: ["siswa"]
[2026-06-08T16:16:46.792Z] URL: /api/attendance, Method: POST, Auth: Bearer DaQ27dT8C0tG1..., Session: User: siswa@school.com, Role: siswa
[requireRole] URL: /api/attendance, context: true, user: true, role: siswa, allowed: ["siswa"]
[2026-06-08T16:23:43.447Z] URL: /stats?date=2026-06-08, Method: GET, Auth: Bearer hRi6j0TVD9Vgr..., Session: User: admin@school.com, Role: admin
[requireRole] URL: /stats?date=2026-06-08, context: true, user: true, role: admin, allowed: ["admin","guru"]
[2026-06-08T16:23:43.891Z] URL: /attendance?date=2026-06-08, Method: GET, Auth: Bearer hRi6j0TVD9Vgr..., Session: User: admin@school.com, Role: admin
[requireRole] URL: /attendance?date=2026-06-08, context: true, user: true, role: admin, allowed: ["admin","guru"]
[2026-06-08T16:23:44.935Z] URL: /stats?date=2026-06-08, Method: GET, Auth: Bearer hRi6j0TVD9Vgr..., Session: User: admin@school.com, Role: admin
[requireRole] URL: /stats?date=2026-06-08, context: true, user: true, role: admin, allowed: ["admin","guru"]
[2026-06-08T16:23:45.159Z] URL: /attendance?date=2026-06-08, Method: GET, Auth: Bearer hRi6j0TVD9Vgr..., Session: User: admin@school.com, Role: admin
[requireRole] URL: /attendance?date=2026-06-08, context: true, user: true, role: admin, allowed: ["admin","guru"]
[2026-06-08T16:24:49.213Z] URL: /stats?date=2026-06-08, Method: GET, Auth: Bearer mtZnEG7Hrqtxm..., Session: User: admin@school.com, Role: admin
[requireRole] URL: /stats?date=2026-06-08, context: true, user: true, role: admin, allowed: ["admin","guru"]
[2026-06-08T16:24:49.218Z] URL: /attendance?date=2026-06-08, Method: GET, Auth: Bearer mtZnEG7Hrqtxm..., Session: User: admin@school.com, Role: admin
[requireRole] URL: /attendance?date=2026-06-08, context: true, user: true, role: admin, allowed: ["admin","guru"]
[2026-06-08T16:24:49.242Z] URL: /stats?date=2026-06-08, Method: GET, Auth: Bearer mtZnEG7Hrqtxm..., Session: User: admin@school.com, Role: admin
[requireRole] URL: /stats?date=2026-06-08, context: true, user: true, role: admin, allowed: ["admin","guru"]
[2026-06-08T16:24:49.245Z] URL: /attendance?date=2026-06-08, Method: GET, Auth: Bearer mtZnEG7Hrqtxm..., Session: User: admin@school.com, Role: admin
[requireRole] URL: /attendance?date=2026-06-08, context: true, user: true, role: admin, allowed: ["admin","guru"]
[2026-06-08T16:25:23.060Z] URL: /stats?date=2026-06-08&classId=1, Method: GET, Auth: Bearer mtZnEG7Hrqtxm..., Session: User: admin@school.com, Role: admin
[requireRole] URL: /stats?date=2026-06-08&classId=1, context: true, user: true, role: admin, allowed: ["admin","guru"]
[2026-06-08T16:25:23.065Z] URL: /attendance?date=2026-06-08&classId=1, Method: GET, Auth: Bearer mtZnEG7Hrqtxm..., Session: User: admin@school.com, Role: admin
[requireRole] URL: /attendance?date=2026-06-08&classId=1, context: true, user: true, role: admin, allowed: ["admin","guru"]
[2026-06-08T16:28:24.838Z] URL: /api/attendance, Method: POST, Auth: Bearer DaQ27dT8C0tG1..., Session: User: siswa@school.com, Role: siswa
[requireRole] URL: /api/attendance, context: true, user: true, role: siswa, allowed: ["siswa"]
[2026-06-08T16:28:28.184Z] URL: /api/attendance, Method: POST, Auth: Bearer DaQ27dT8C0tG1..., Session: User: siswa@school.com, Role: siswa
[requireRole] URL: /api/attendance, context: true, user: true, role: siswa, allowed: ["siswa"]
[2026-06-08T16:28:28.573Z] URL: /api/attendance, Method: POST, Auth: Bearer DaQ27dT8C0tG1..., Session: User: siswa@school.com, Role: siswa
[requireRole] URL: /api/attendance, context: true, user: true, role: siswa, allowed: ["siswa"]
[2026-06-08T16:28:28.849Z] URL: /api/attendance, Method: POST, Auth: Bearer DaQ27dT8C0tG1..., Session: User: siswa@school.com, Role: siswa
[requireRole] URL: /api/attendance, context: true, user: true, role: siswa, allowed: ["siswa"]
[2026-06-08T16:28:29.132Z] URL: /api/attendance, Method: POST, Auth: Bearer DaQ27dT8C0tG1..., Session: User: siswa@school.com, Role: siswa
[requireRole] URL: /api/attendance, context: true, user: true, role: siswa, allowed: ["siswa"]
[2026-06-08T16:28:29.337Z] URL: /api/attendance, Method: POST, Auth: Bearer DaQ27dT8C0tG1..., Session: User: siswa@school.com, Role: siswa
[requireRole] URL: /api/attendance, context: true, user: true, role: siswa, allowed: ["siswa"]
[2026-06-08T16:28:29.584Z] URL: /api/attendance, Method: POST, Auth: Bearer DaQ27dT8C0tG1..., Session: User: siswa@school.com, Role: siswa
[requireRole] URL: /api/attendance, context: true, user: true, role: siswa, allowed: ["siswa"]
[2026-06-08T16:28:29.815Z] URL: /api/attendance, Method: POST, Auth: Bearer DaQ27dT8C0tG1..., Session: User: siswa@school.com, Role: siswa
[requireRole] URL: /api/attendance, context: true, user: true, role: siswa, allowed: ["siswa"]
[2026-06-08T16:28:30.059Z] URL: /api/attendance, Method: POST, Auth: Bearer DaQ27dT8C0tG1..., Session: User: siswa@school.com, Role: siswa
[requireRole] URL: /api/attendance, context: true, user: true, role: siswa, allowed: ["siswa"]
[2026-06-08T16:28:30.290Z] URL: /api/attendance, Method: POST, Auth: Bearer DaQ27dT8C0tG1..., Session: User: siswa@school.com, Role: siswa
[requireRole] URL: /api/attendance, context: true, user: true, role: siswa, allowed: ["siswa"]
[2026-06-08T16:28:30.498Z] URL: /api/attendance, Method: POST, Auth: Bearer DaQ27dT8C0tG1..., Session: User: siswa@school.com, Role: siswa
[requireRole] URL: /api/attendance, context: true, user: true, role: siswa, allowed: ["siswa"]
[2026-06-08T16:28:30.689Z] URL: /api/attendance, Method: POST, Auth: Bearer DaQ27dT8C0tG1..., Session: User: siswa@school.com, Role: siswa
[requireRole] URL: /api/attendance, context: true, user: true, role: siswa, allowed: ["siswa"]
[2026-06-08T16:28:30.906Z] URL: /api/attendance, Method: POST, Auth: Bearer DaQ27dT8C0tG1..., Session: User: siswa@school.com, Role: siswa
[requireRole] URL: /api/attendance, context: true, user: true, role: siswa, allowed: ["siswa"]
[2026-06-08T16:28:31.103Z] URL: /api/attendance, Method: POST, Auth: Bearer DaQ27dT8C0tG1..., Session: User: siswa@school.com, Role: siswa
[requireRole] URL: /api/attendance, context: true, user: true, role: siswa, allowed: ["siswa"]
[2026-06-08T16:28:31.299Z] URL: /api/attendance, Method: POST, Auth: Bearer DaQ27dT8C0tG1..., Session: User: siswa@school.com, Role: siswa
[requireRole] URL: /api/attendance, context: true, user: true, role: siswa, allowed: ["siswa"]
[2026-06-08T16:28:31.749Z] URL: /api/attendance, Method: POST, Auth: Bearer DaQ27dT8C0tG1..., Session: User: siswa@school.com, Role: siswa
[requireRole] URL: /api/attendance, context: true, user: true, role: siswa, allowed: ["siswa"]
[2026-06-08T16:28:31.932Z] URL: /api/attendance, Method: POST, Auth: Bearer DaQ27dT8C0tG1..., Session: User: siswa@school.com, Role: siswa
[requireRole] URL: /api/attendance, context: true, user: true, role: siswa, allowed: ["siswa"]
[2026-06-08T16:28:32.158Z] URL: /api/attendance, Method: POST, Auth: Bearer DaQ27dT8C0tG1..., Session: User: siswa@school.com, Role: siswa
[requireRole] URL: /api/attendance, context: true, user: true, role: siswa, allowed: ["siswa"]
[2026-06-08T16:28:32.398Z] URL: /api/attendance, Method: POST, Auth: Bearer DaQ27dT8C0tG1..., Session: User: siswa@school.com, Role: siswa
[requireRole] URL: /api/attendance, context: true, user: true, role: siswa, allowed: ["siswa"]
[2026-06-08T16:28:32.588Z] URL: /api/attendance, Method: POST, Auth: Bearer DaQ27dT8C0tG1..., Session: User: siswa@school.com, Role: siswa
[requireRole] URL: /api/attendance, context: true, user: true, role: siswa, allowed: ["siswa"]
[2026-06-08T16:28:32.933Z] URL: /api/attendance, Method: POST, Auth: Bearer DaQ27dT8C0tG1..., Session: User: siswa@school.com, Role: siswa
[requireRole] URL: /api/attendance, context: true, user: true, role: siswa, allowed: ["siswa"]
[2026-06-08T16:28:33.202Z] URL: /api/attendance, Method: POST, Auth: Bearer DaQ27dT8C0tG1..., Session: User: siswa@school.com, Role: siswa
[requireRole] URL: /api/attendance, context: true, user: true, role: siswa, allowed: ["siswa"]
[2026-06-08T16:28:33.406Z] URL: /api/attendance, Method: POST, Auth: Bearer DaQ27dT8C0tG1..., Session: User: siswa@school.com, Role: siswa
[requireRole] URL: /api/attendance, context: true, user: true, role: siswa, allowed: ["siswa"]
[2026-06-08T16:28:33.612Z] URL: /api/attendance, Method: POST, Auth: Bearer DaQ27dT8C0tG1..., Session: User: siswa@school.com, Role: siswa
[requireRole] URL: /api/attendance, context: true, user: true, role: siswa, allowed: ["siswa"]
[2026-06-08T16:28:33.825Z] URL: /api/attendance, Method: POST, Auth: Bearer DaQ27dT8C0tG1..., Session: User: siswa@school.com, Role: siswa
[requireRole] URL: /api/attendance, context: true, user: true, role: siswa, allowed: ["siswa"]
[2026-06-08T16:28:34.032Z] URL: /api/attendance, Method: POST, Auth: Bearer DaQ27dT8C0tG1..., Session: User: siswa@school.com, Role: siswa
[requireRole] URL: /api/attendance, context: true, user: true, role: siswa, allowed: ["siswa"]
[2026-06-08T16:28:34.245Z] URL: /api/attendance, Method: POST, Auth: Bearer DaQ27dT8C0tG1..., Session: User: siswa@school.com, Role: siswa
[requireRole] URL: /api/attendance, context: true, user: true, role: siswa, allowed: ["siswa"]
[2026-06-08T16:28:34.489Z] URL: /api/attendance, Method: POST, Auth: Bearer DaQ27dT8C0tG1..., Session: User: siswa@school.com, Role: siswa
[requireRole] URL: /api/attendance, context: true, user: true, role: siswa, allowed: ["siswa"]
[2026-06-08T16:28:34.727Z] URL: /api/attendance, Method: POST, Auth: Bearer DaQ27dT8C0tG1..., Session: User: siswa@school.com, Role: siswa
[requireRole] URL: /api/attendance, context: true, user: true, role: siswa, allowed: ["siswa"]
[2026-06-08T16:28:34.987Z] URL: /api/attendance, Method: POST, Auth: Bearer DaQ27dT8C0tG1..., Session: User: siswa@school.com, Role: siswa
[requireRole] URL: /api/attendance, context: true, user: true, role: siswa, allowed: ["siswa"]
[2026-06-08T16:28:35.490Z] URL: /api/attendance, Method: POST, Auth: Bearer DaQ27dT8C0tG1..., Session: User: siswa@school.com, Role: siswa
[requireRole] URL: /api/attendance, context: true, user: true, role: siswa, allowed: ["siswa"]
[2026-06-08T16:28:35.715Z] URL: /api/attendance, Method: POST, Auth: Bearer DaQ27dT8C0tG1..., Session: User: siswa@school.com, Role: siswa
[requireRole] URL: /api/attendance, context: true, user: true, role: siswa, allowed: ["siswa"]
[2026-06-08T16:28:35.936Z] URL: /api/attendance, Method: POST, Auth: Bearer DaQ27dT8C0tG1..., Session: User: siswa@school.com, Role: siswa
[requireRole] URL: /api/attendance, context: true, user: true, role: siswa, allowed: ["siswa"]
[2026-06-08T16:28:36.162Z] URL: /api/attendance, Method: POST, Auth: Bearer DaQ27dT8C0tG1..., Session: User: siswa@school.com, Role: siswa
[requireRole] URL: /api/attendance, context: true, user: true, role: siswa, allowed: ["siswa"]
[2026-06-08T16:28:36.367Z] URL: /api/attendance, Method: POST, Auth: Bearer DaQ27dT8C0tG1..., Session: User: siswa@school.com, Role: siswa
[requireRole] URL: /api/attendance, context: true, user: true, role: siswa, allowed: ["siswa"]
[2026-06-08T16:28:36.593Z] URL: /api/attendance, Method: POST, Auth: Bearer DaQ27dT8C0tG1..., Session: User: siswa@school.com, Role: siswa
[requireRole] URL: /api/attendance, context: true, user: true, role: siswa, allowed: ["siswa"]
[2026-06-08T16:28:36.813Z] URL: /api/attendance, Method: POST, Auth: Bearer DaQ27dT8C0tG1..., Session: User: siswa@school.com, Role: siswa
[requireRole] URL: /api/attendance, context: true, user: true, role: siswa, allowed: ["siswa"]
[2026-06-08T16:34:02.916Z] URL: /api/attendance, Method: POST, Auth: Bearer DaQ27dT8C0tG1..., Session: User: siswa@school.com, Role: siswa
[requireRole] URL: /api/attendance, context: true, user: true, role: siswa, allowed: ["siswa"]
[2026-06-08T16:41:27.270Z] URL: /stats?date=2026-06-08, Method: GET, Auth: Bearer MDqDV718qo7T0..., Session: User: admin@school.com, Role: admin
[requireRole] URL: /stats?date=2026-06-08, context: true, user: true, role: admin, allowed: ["admin","guru"]
[2026-06-08T16:41:27.294Z] URL: /attendance?date=2026-06-08, Method: GET, Auth: Bearer MDqDV718qo7T0..., Session: User: admin@school.com, Role: admin
[requireRole] URL: /attendance?date=2026-06-08, context: true, user: true, role: admin, allowed: ["admin","guru"]
[2026-06-08T16:41:27.351Z] URL: /stats?date=2026-06-08, Method: GET, Auth: Bearer MDqDV718qo7T0..., Session: User: admin@school.com, Role: admin
[requireRole] URL: /stats?date=2026-06-08, context: true, user: true, role: admin, allowed: ["admin","guru"]
[2026-06-08T16:41:27.354Z] URL: /attendance?date=2026-06-08, Method: GET, Auth: Bearer MDqDV718qo7T0..., Session: User: admin@school.com, Role: admin
[requireRole] URL: /attendance?date=2026-06-08, context: true, user: true, role: admin, allowed: ["admin","guru"]
[2026-06-08T16:41:30.160Z] URL: /, Method: GET, Auth: Bearer MDqDV718qo7T0..., Session: User: admin@school.com, Role: admin
[requireRole] URL: /, context: true, user: true, role: admin, allowed: ["admin"]
[2026-06-08T16:41:32.732Z] URL: /, Method: GET, Auth: Bearer MDqDV718qo7T0..., Session: User: admin@school.com, Role: admin
[requireRole] URL: /, context: true, user: true, role: admin, allowed: ["admin"]
[2026-06-08T16:41:34.162Z] URL: /, Method: GET, Auth: Bearer MDqDV718qo7T0..., Session: User: admin@school.com, Role: admin
[requireRole] URL: /, context: true, user: true, role: admin, allowed: ["admin"]
[2026-06-08T16:41:34.182Z] URL: /, Method: GET, Auth: Bearer MDqDV718qo7T0..., Session: User: admin@school.com, Role: admin
[requireRole] URL: /, context: true, user: true, role: admin, allowed: ["admin"]
[2026-06-08T16:41:34.199Z] URL: /, Method: GET, Auth: Bearer MDqDV718qo7T0..., Session: User: admin@school.com, Role: admin
[requireRole] URL: /, context: true, user: true, role: admin, allowed: ["admin"]
[2026-06-08T16:41:35.844Z] URL: /, Method: GET, Auth: Bearer MDqDV718qo7T0..., Session: User: admin@school.com, Role: admin
[requireRole] URL: /, context: true, user: true, role: admin, allowed: ["admin"]
[2026-06-08T16:41:35.861Z] URL: /, Method: GET, Auth: Bearer MDqDV718qo7T0..., Session: User: admin@school.com, Role: admin
[requireRole] URL: /, context: true, user: true, role: admin, allowed: ["admin"]
[2026-06-08T16:41:35.881Z] URL: /, Method: GET, Auth: Bearer MDqDV718qo7T0..., Session: User: admin@school.com, Role: admin
[requireRole] URL: /, context: true, user: true, role: admin, allowed: ["admin"]
[2026-06-08T16:41:52.215Z] URL: /, Method: GET, Auth: Bearer MDqDV718qo7T0..., Session: User: admin@school.com, Role: admin
[requireRole] URL: /, context: true, user: true, role: admin, allowed: ["admin"]
[2026-06-08T16:41:52.232Z] URL: /, Method: GET, Auth: Bearer MDqDV718qo7T0..., Session: User: admin@school.com, Role: admin
[requireRole] URL: /, context: true, user: true, role: admin, allowed: ["admin"]
[2026-06-08T16:41:52.249Z] URL: /, Method: GET, Auth: Bearer MDqDV718qo7T0..., Session: User: admin@school.com, Role: admin
[requireRole] URL: /, context: true, user: true, role: admin, allowed: ["admin"]
[2026-06-08T16:41:54.579Z] URL: /, Method: GET, Auth: Bearer MDqDV718qo7T0..., Session: User: admin@school.com, Role: admin
[requireRole] URL: /, context: true, user: true, role: admin, allowed: ["admin"]
[2026-06-08T16:41:55.157Z] URL: /, Method: GET, Auth: Bearer MDqDV718qo7T0..., Session: User: admin@school.com, Role: admin
[requireRole] URL: /, context: true, user: true, role: admin, allowed: ["admin"]
[2026-06-08T16:41:55.912Z] URL: /attendance?date=2026-06-08, Method: GET, Auth: Bearer MDqDV718qo7T0..., Session: User: admin@school.com, Role: admin
[requireRole] URL: /attendance?date=2026-06-08, context: true, user: true, role: admin, allowed: ["admin","guru"]
[2026-06-08T16:41:55.918Z] URL: /stats?date=2026-06-08, Method: GET, Auth: Bearer MDqDV718qo7T0..., Session: User: admin@school.com, Role: admin
[requireRole] URL: /stats?date=2026-06-08, context: true, user: true, role: admin, allowed: ["admin","guru"]
[2026-06-08T16:56:10.546Z] URL: /attendance?date=2026-06-08, Method: GET, Auth: Bearer MDqDV718qo7T0..., Session: User: admin@school.com, Role: admin
[requireRole] URL: /attendance?date=2026-06-08, context: true, user: true, role: admin, allowed: ["admin","guru"]
[2026-06-08T16:56:10.557Z] URL: /stats?date=2026-06-08, Method: GET, Auth: Bearer MDqDV718qo7T0..., Session: User: admin@school.com, Role: admin
[requireRole] URL: /stats?date=2026-06-08, context: true, user: true, role: admin, allowed: ["admin","guru"]
[2026-06-08T16:56:10.647Z] URL: /attendance?date=2026-06-08, Method: GET, Auth: Bearer MDqDV718qo7T0..., Session: User: admin@school.com, Role: admin
[requireRole] URL: /attendance?date=2026-06-08, context: true, user: true, role: admin, allowed: ["admin","guru"]
[2026-06-08T16:56:10.663Z] URL: /stats?date=2026-06-08, Method: GET, Auth: Bearer MDqDV718qo7T0..., Session: User: admin@school.com, Role: admin
[requireRole] URL: /stats?date=2026-06-08, context: true, user: true, role: admin, allowed: ["admin","guru"]
[2026-06-08T16:56:41.920Z] URL: /stats?date=2026-06-08, Method: GET, Auth: Bearer MDqDV718qo7T0..., Session: User: admin@school.com, Role: admin
[requireRole] URL: /stats?date=2026-06-08, context: true, user: true, role: admin, allowed: ["admin","guru"]
[2026-06-08T16:56:41.931Z] URL: /attendance?date=2026-06-08, Method: GET, Auth: Bearer MDqDV718qo7T0..., Session: User: admin@school.com, Role: admin
[requireRole] URL: /attendance?date=2026-06-08, context: true, user: true, role: admin, allowed: ["admin","guru"]
[2026-06-08T16:57:57.183Z] URL: /stats?date=2026-06-08, Method: GET, Auth: Bearer MDqDV718qo7T0..., Session: User: admin@school.com, Role: admin
[requireRole] URL: /stats?date=2026-06-08, context: true, user: true, role: admin, allowed: ["admin","guru"]
[2026-06-08T16:57:57.196Z] URL: /attendance?date=2026-06-08, Method: GET, Auth: Bearer MDqDV718qo7T0..., Session: User: admin@school.com, Role: admin
[requireRole] URL: /attendance?date=2026-06-08, context: true, user: true, role: admin, allowed: ["admin","guru"]
[2026-06-08T16:57:57.251Z] URL: /attendance?date=2026-06-08, Method: GET, Auth: Bearer MDqDV718qo7T0..., Session: User: admin@school.com, Role: admin
[requireRole] URL: /attendance?date=2026-06-08, context: true, user: true, role: admin, allowed: ["admin","guru"]
[2026-06-08T16:57:57.279Z] URL: /stats?date=2026-06-08, Method: GET, Auth: Bearer MDqDV718qo7T0..., Session: User: admin@school.com, Role: admin
[requireRole] URL: /stats?date=2026-06-08, context: true, user: true, role: admin, allowed: ["admin","guru"]
[2026-06-08T16:58:08.803Z] URL: /, Method: GET, Auth: Bearer MDqDV718qo7T0..., Session: User: admin@school.com, Role: admin
[requireRole] URL: /, context: true, user: true, role: admin, allowed: ["admin"]
[2026-06-08T16:58:10.345Z] URL: /, Method: GET, Auth: Bearer MDqDV718qo7T0..., Session: User: admin@school.com, Role: admin
[requireRole] URL: /, context: true, user: true, role: admin, allowed: ["admin"]
[2026-06-08T16:58:20.489Z] URL: /api/attendance, Method: POST, Auth: Bearer 2bkwDohZYcj2u..., Session: User: siswa@school.com, Role: siswa
[requireRole] URL: /api/attendance, context: true, user: true, role: siswa, allowed: ["siswa"]
[2026-06-08T16:58:20.578Z] URL: /api/attendance, Method: POST, Auth: Bearer 2bkwDohZYcj2u..., Session: User: siswa@school.com, Role: siswa
[requireRole] URL: /api/attendance, context: true, user: true, role: siswa, allowed: ["siswa"]
[2026-06-08T16:58:20.589Z] URL: /1/reset-device, Method: PUT, Auth: Bearer BB9YzShBj3F8K..., Session: User: admin@school.com, Role: admin
[requireRole] URL: /1/reset-device, context: true, user: true, role: admin, allowed: ["admin"]
[2026-06-08T16:58:20.602Z] URL: /api/attendance, Method: POST, Auth: Bearer 2bkwDohZYcj2u..., Session: User: siswa@school.com, Role: siswa
[requireRole] URL: /api/attendance, context: true, user: true, role: siswa, allowed: ["siswa"]
[2026-06-08T16:58:38.781Z] URL: /stats?date=2026-06-08, Method: GET, Auth: Bearer MDqDV718qo7T0..., Session: User: admin@school.com, Role: admin
[requireRole] URL: /stats?date=2026-06-08, context: true, user: true, role: admin, allowed: ["admin","guru"]
[2026-06-08T16:58:38.787Z] URL: /attendance?date=2026-06-08, Method: GET, Auth: Bearer MDqDV718qo7T0..., Session: User: admin@school.com, Role: admin
[requireRole] URL: /attendance?date=2026-06-08, context: true, user: true, role: admin, allowed: ["admin","guru"]
[2026-06-08T16:58:38.882Z] URL: /stats?date=2026-06-08, Method: GET, Auth: Bearer MDqDV718qo7T0..., Session: User: admin@school.com, Role: admin
[requireRole] URL: /stats?date=2026-06-08, context: true, user: true, role: admin, allowed: ["admin","guru"]
[2026-06-08T16:58:38.885Z] URL: /attendance?date=2026-06-08, Method: GET, Auth: Bearer MDqDV718qo7T0..., Session: User: admin@school.com, Role: admin
[requireRole] URL: /attendance?date=2026-06-08, context: true, user: true, role: admin, allowed: ["admin","guru"]
[2026-06-08T16:58:44.815Z] URL: /stats?date=2026-06-08, Method: GET, Auth: Bearer MDqDV718qo7T0..., Session: User: admin@school.com, Role: admin
[requireRole] URL: /stats?date=2026-06-08, context: true, user: true, role: admin, allowed: ["admin","guru"]
[2026-06-08T16:58:44.818Z] URL: /attendance?date=2026-06-08, Method: GET, Auth: Bearer MDqDV718qo7T0..., Session: User: admin@school.com, Role: admin
[requireRole] URL: /attendance?date=2026-06-08, context: true, user: true, role: admin, allowed: ["admin","guru"]
[2026-06-08T16:59:16.237Z] URL: /stats?date=2026-06-08, Method: GET, Auth: Bearer MDqDV718qo7T0..., Session: User: admin@school.com, Role: admin
[requireRole] URL: /stats?date=2026-06-08, context: true, user: true, role: admin, allowed: ["admin","guru"]
[2026-06-08T16:59:16.244Z] URL: /attendance?date=2026-06-08, Method: GET, Auth: Bearer MDqDV718qo7T0..., Session: User: admin@school.com, Role: admin
[requireRole] URL: /attendance?date=2026-06-08, context: true, user: true, role: admin, allowed: ["admin","guru"]
[2026-06-08T16:59:16.303Z] URL: /stats?date=2026-06-08, Method: GET, Auth: Bearer MDqDV718qo7T0..., Session: User: admin@school.com, Role: admin
[requireRole] URL: /stats?date=2026-06-08, context: true, user: true, role: admin, allowed: ["admin","guru"]
[2026-06-08T16:59:16.311Z] URL: /attendance?date=2026-06-08, Method: GET, Auth: Bearer MDqDV718qo7T0..., Session: User: admin@school.com, Role: admin
[requireRole] URL: /attendance?date=2026-06-08, context: true, user: true, role: admin, allowed: ["admin","guru"]
[2026-06-08T16:59:22.063Z] URL: /, Method: GET, Auth: Bearer MDqDV718qo7T0..., Session: User: admin@school.com, Role: admin
[requireRole] URL: /, context: true, user: true, role: admin, allowed: ["admin"]
[2026-06-08T16:59:26.647Z] URL: /, Method: GET, Auth: Bearer MDqDV718qo7T0..., Session: User: admin@school.com, Role: admin
[requireRole] URL: /, context: true, user: true, role: admin, allowed: ["admin"]
[2026-06-08T16:59:26.668Z] URL: /, Method: GET, Auth: Bearer MDqDV718qo7T0..., Session: User: admin@school.com, Role: admin
[requireRole] URL: /, context: true, user: true, role: admin, allowed: ["admin"]
[2026-06-08T16:59:26.686Z] URL: /, Method: GET, Auth: Bearer MDqDV718qo7T0..., Session: User: admin@school.com, Role: admin
[requireRole] URL: /, context: true, user: true, role: admin, allowed: ["admin"]
[2026-06-08T23:20:27.407Z] URL: /stats?date=2026-06-08, Method: GET, Auth: Bearer MDqDV718qo7T0..., Session: User: admin@school.com, Role: admin
[requireRole] URL: /stats?date=2026-06-08, context: true, user: true, role: admin, allowed: ["admin","guru"]
[2026-06-08T23:20:27.422Z] URL: /attendance?date=2026-06-08, Method: GET, Auth: Bearer MDqDV718qo7T0..., Session: User: admin@school.com, Role: admin
[requireRole] URL: /attendance?date=2026-06-08, context: true, user: true, role: admin, allowed: ["admin","guru"]
[2026-06-08T23:20:27.525Z] URL: /attendance?date=2026-06-08, Method: GET, Auth: Bearer MDqDV718qo7T0..., Session: User: admin@school.com, Role: admin
[requireRole] URL: /attendance?date=2026-06-08, context: true, user: true, role: admin, allowed: ["admin","guru"]
[2026-06-08T23:20:27.538Z] URL: /stats?date=2026-06-08, Method: GET, Auth: Bearer MDqDV718qo7T0..., Session: User: admin@school.com, Role: admin
[requireRole] URL: /stats?date=2026-06-08, context: true, user: true, role: admin, allowed: ["admin","guru"]
[2026-06-08T23:20:30.527Z] URL: /stats?date=2026-06-08, Method: GET, Auth: Bearer MDqDV718qo7T0..., Session: User: admin@school.com, Role: admin
[requireRole] URL: /stats?date=2026-06-08, context: true, user: true, role: admin, allowed: ["admin","guru"]
[2026-06-08T23:20:30.542Z] URL: /attendance?date=2026-06-08, Method: GET, Auth: Bearer MDqDV718qo7T0..., Session: User: admin@school.com, Role: admin
[requireRole] URL: /attendance?date=2026-06-08, context: true, user: true, role: admin, allowed: ["admin","guru"]
[2026-06-08T23:20:30.606Z] URL: /stats?date=2026-06-08, Method: GET, Auth: Bearer MDqDV718qo7T0..., Session: User: admin@school.com, Role: admin
[requireRole] URL: /stats?date=2026-06-08, context: true, user: true, role: admin, allowed: ["admin","guru"]
[2026-06-08T23:20:30.620Z] URL: /attendance?date=2026-06-08, Method: GET, Auth: Bearer MDqDV718qo7T0..., Session: User: admin@school.com, Role: admin
[requireRole] URL: /attendance?date=2026-06-08, context: true, user: true, role: admin, allowed: ["admin","guru"]
[2026-06-08T23:20:51.710Z] URL: /, Method: GET, Auth: Bearer MDqDV718qo7T0..., Session: User: admin@school.com, Role: admin
[requireRole] URL: /, context: true, user: true, role: admin, allowed: ["admin"]
[2026-06-08T23:20:52.454Z] URL: /, Method: GET, Auth: Bearer MDqDV718qo7T0..., Session: User: admin@school.com, Role: admin
[requireRole] URL: /, context: true, user: true, role: admin, allowed: ["admin"]
[2026-06-08T23:20:54.257Z] URL: /, Method: GET, Auth: Bearer MDqDV718qo7T0..., Session: User: admin@school.com, Role: admin
[requireRole] URL: /, context: true, user: true, role: admin, allowed: ["admin"]
[2026-06-08T23:20:54.305Z] URL: /, Method: GET, Auth: Bearer MDqDV718qo7T0..., Session: User: admin@school.com, Role: admin
[requireRole] URL: /, context: true, user: true, role: admin, allowed: ["admin"]
[2026-06-08T23:20:54.335Z] URL: /, Method: GET, Auth: Bearer MDqDV718qo7T0..., Session: User: admin@school.com, Role: admin
[requireRole] URL: /, context: true, user: true, role: admin, allowed: ["admin"]
[2026-06-08T23:20:57.897Z] URL: /, Method: GET, Auth: Bearer MDqDV718qo7T0..., Session: User: admin@school.com, Role: admin
[requireRole] URL: /, context: true, user: true, role: admin, allowed: ["admin"]
[2026-06-08T23:20:57.924Z] URL: /, Method: GET, Auth: Bearer MDqDV718qo7T0..., Session: User: admin@school.com, Role: admin
[requireRole] URL: /, context: true, user: true, role: admin, allowed: ["admin"]
[2026-06-08T23:20:57.944Z] URL: /, Method: GET, Auth: Bearer MDqDV718qo7T0..., Session: User: admin@school.com, Role: admin
[requireRole] URL: /, context: true, user: true, role: admin, allowed: ["admin"]
[2026-06-08T23:21:05.820Z] URL: /, Method: GET, Auth: Bearer MDqDV718qo7T0..., Session: User: admin@school.com, Role: admin
[requireRole] URL: /, context: true, user: true, role: admin, allowed: ["admin"]
[2026-06-08T23:21:07.389Z] URL: /, Method: GET, Auth: Bearer MDqDV718qo7T0..., Session: User: admin@school.com, Role: admin
[requireRole] URL: /, context: true, user: true, role: admin, allowed: ["admin"]
[2026-06-08T23:21:08.368Z] URL: /stats?date=2026-06-08, Method: GET, Auth: Bearer MDqDV718qo7T0..., Session: User: admin@school.com, Role: admin
[requireRole] URL: /stats?date=2026-06-08, context: true, user: true, role: admin, allowed: ["admin","guru"]
[2026-06-08T23:21:08.372Z] URL: /attendance?date=2026-06-08, Method: GET, Auth: Bearer MDqDV718qo7T0..., Session: User: admin@school.com, Role: admin
[requireRole] URL: /attendance?date=2026-06-08, context: true, user: true, role: admin, allowed: ["admin","guru"]
[2026-06-08T23:21:14.654Z] URL: /stats?date=2026-06-09, Method: GET, Auth: Bearer MDqDV718qo7T0..., Session: User: admin@school.com, Role: admin
[requireRole] URL: /stats?date=2026-06-09, context: true, user: true, role: admin, allowed: ["admin","guru"]
[2026-06-08T23:21:14.667Z] URL: /attendance?date=2026-06-09, Method: GET, Auth: Bearer MDqDV718qo7T0..., Session: User: admin@school.com, Role: admin
[requireRole] URL: /attendance?date=2026-06-09, context: true, user: true, role: admin, allowed: ["admin","guru"]
[2026-06-08T23:21:24.171Z] URL: /stats?date=2026-06-08, Method: GET, Auth: Bearer MDqDV718qo7T0..., Session: User: admin@school.com, Role: admin
[requireRole] URL: /stats?date=2026-06-08, context: true, user: true, role: admin, allowed: ["admin","guru"]
[2026-06-08T23:21:24.178Z] URL: /attendance?date=2026-06-08, Method: GET, Auth: Bearer MDqDV718qo7T0..., Session: User: admin@school.com, Role: admin
[requireRole] URL: /attendance?date=2026-06-08, context: true, user: true, role: admin, allowed: ["admin","guru"]
[2026-06-08T23:21:28.157Z] URL: /stats?date=2026-06-09, Method: GET, Auth: Bearer MDqDV718qo7T0..., Session: User: admin@school.com, Role: admin
[requireRole] URL: /stats?date=2026-06-09, context: true, user: true, role: admin, allowed: ["admin","guru"]
[2026-06-08T23:21:28.167Z] URL: /attendance?date=2026-06-09, Method: GET, Auth: Bearer MDqDV718qo7T0..., Session: User: admin@school.com, Role: admin
[requireRole] URL: /attendance?date=2026-06-09, context: true, user: true, role: admin, allowed: ["admin","guru"]
[2026-06-08T23:22:08.506Z] URL: /api/attendance, Method: POST, Auth: Bearer DaQ27dT8C0tG1..., Session: User: siswa@school.com, Role: siswa
[requireRole] URL: /api/attendance, context: true, user: true, role: siswa, allowed: ["siswa"]
[2026-06-08T23:23:22.639Z] URL: /, Method: GET, Auth: Bearer MDqDV718qo7T0..., Session: User: admin@school.com, Role: admin
[requireRole] URL: /, context: true, user: true, role: admin, allowed: ["admin"]
[2026-06-08T23:23:25.620Z] URL: /, Method: GET, Auth: Bearer MDqDV718qo7T0..., Session: User: admin@school.com, Role: admin
[requireRole] URL: /, context: true, user: true, role: admin, allowed: ["admin"]
[2026-06-08T23:23:25.646Z] URL: /, Method: GET, Auth: Bearer MDqDV718qo7T0..., Session: User: admin@school.com, Role: admin
[requireRole] URL: /, context: true, user: true, role: admin, allowed: ["admin"]
[2026-06-08T23:23:25.666Z] URL: /, Method: GET, Auth: Bearer MDqDV718qo7T0..., Session: User: admin@school.com, Role: admin
[requireRole] URL: /, context: true, user: true, role: admin, allowed: ["admin"]
[2026-06-08T23:23:44.855Z] URL: /1, Method: PUT, Auth: Bearer MDqDV718qo7T0..., Session: User: admin@school.com, Role: admin
[requireRole] URL: /1, context: true, user: true, role: admin, allowed: ["admin"]
[2026-06-08T23:23:44.944Z] URL: /, Method: GET, Auth: Bearer MDqDV718qo7T0..., Session: User: admin@school.com, Role: admin
[requireRole] URL: /, context: true, user: true, role: admin, allowed: ["admin"]
[2026-06-08T23:23:44.977Z] URL: /, Method: GET, Auth: Bearer MDqDV718qo7T0..., Session: User: admin@school.com, Role: admin
[requireRole] URL: /, context: true, user: true, role: admin, allowed: ["admin"]
[2026-06-08T23:23:45.007Z] URL: /, Method: GET, Auth: Bearer MDqDV718qo7T0..., Session: User: admin@school.com, Role: admin
[requireRole] URL: /, context: true, user: true, role: admin, allowed: ["admin"]
[2026-06-08T23:24:20.295Z] URL: /api/attendance, Method: POST, Auth: Bearer DaQ27dT8C0tG1..., Session: User: siswa@school.com, Role: siswa
[requireRole] URL: /api/attendance, context: true, user: true, role: siswa, allowed: ["siswa"]
[2026-06-08T23:25:10.056Z] URL: /api/attendance, Method: POST, Auth: Bearer DaQ27dT8C0tG1..., Session: User: siswa@school.com, Role: siswa
[requireRole] URL: /api/attendance, context: true, user: true, role: siswa, allowed: ["siswa"]
[2026-06-08T23:25:10.354Z] URL: /api/attendance, Method: POST, Auth: Bearer DaQ27dT8C0tG1..., Session: User: siswa@school.com, Role: siswa
[requireRole] URL: /api/attendance, context: true, user: true, role: siswa, allowed: ["siswa"]
[2026-06-08T23:25:10.660Z] URL: /api/attendance, Method: POST, Auth: Bearer DaQ27dT8C0tG1..., Session: User: siswa@school.com, Role: siswa
[requireRole] URL: /api/attendance, context: true, user: true, role: siswa, allowed: ["siswa"]
[2026-06-08T23:25:10.865Z] URL: /api/attendance, Method: POST, Auth: Bearer DaQ27dT8C0tG1..., Session: User: siswa@school.com, Role: siswa
[requireRole] URL: /api/attendance, context: true, user: true, role: siswa, allowed: ["siswa"]
[2026-06-08T23:25:11.271Z] URL: /api/attendance, Method: POST, Auth: Bearer DaQ27dT8C0tG1..., Session: User: siswa@school.com, Role: siswa
[requireRole] URL: /api/attendance, context: true, user: true, role: siswa, allowed: ["siswa"]
[2026-06-08T23:25:11.383Z] URL: /api/attendance, Method: POST, Auth: Bearer DaQ27dT8C0tG1..., Session: User: siswa@school.com, Role: siswa
[requireRole] URL: /api/attendance, context: true, user: true, role: siswa, allowed: ["siswa"]
[2026-06-08T23:25:11.480Z] URL: /api/attendance, Method: POST, Auth: Bearer DaQ27dT8C0tG1..., Session: User: siswa@school.com, Role: siswa
[requireRole] URL: /api/attendance, context: true, user: true, role: siswa, allowed: ["siswa"]
[2026-06-08T23:25:11.582Z] URL: /api/attendance, Method: POST, Auth: Bearer DaQ27dT8C0tG1..., Session: User: siswa@school.com, Role: siswa
[requireRole] URL: /api/attendance, context: true, user: true, role: siswa, allowed: ["siswa"]
[2026-06-08T23:25:12.414Z] URL: /api/attendance, Method: POST, Auth: Bearer DaQ27dT8C0tG1..., Session: User: siswa@school.com, Role: siswa
[requireRole] URL: /api/attendance, context: true, user: true, role: siswa, allowed: ["siswa"]
[2026-06-08T23:25:12.603Z] URL: /api/attendance, Method: POST, Auth: Bearer DaQ27dT8C0tG1..., Session: User: siswa@school.com, Role: siswa
[requireRole] URL: /api/attendance, context: true, user: true, role: siswa, allowed: ["siswa"]
[2026-06-08T23:25:12.706Z] URL: /api/attendance, Method: POST, Auth: Bearer DaQ27dT8C0tG1..., Session: User: siswa@school.com, Role: siswa
[requireRole] URL: /api/attendance, context: true, user: true, role: siswa, allowed: ["siswa"]
[2026-06-08T23:25:12.781Z] URL: /api/attendance, Method: POST, Auth: Bearer DaQ27dT8C0tG1..., Session: User: siswa@school.com, Role: siswa
[requireRole] URL: /api/attendance, context: true, user: true, role: siswa, allowed: ["siswa"]
[2026-06-08T23:27:07.006Z] URL: /stats?date=2026-06-08, Method: GET, Auth: Bearer MDqDV718qo7T0..., Session: User: admin@school.com, Role: admin
[requireRole] URL: /stats?date=2026-06-08, context: true, user: true, role: admin, allowed: ["admin","guru"]
[2026-06-08T23:27:07.092Z] URL: /attendance?date=2026-06-08, Method: GET, Auth: Bearer MDqDV718qo7T0..., Session: User: admin@school.com, Role: admin
[requireRole] URL: /attendance?date=2026-06-08, context: true, user: true, role: admin, allowed: ["admin","guru"]
[2026-06-08T23:27:07.140Z] URL: /stats?date=2026-06-08, Method: GET, Auth: Bearer MDqDV718qo7T0..., Session: User: admin@school.com, Role: admin
[requireRole] URL: /stats?date=2026-06-08, context: true, user: true, role: admin, allowed: ["admin","guru"]
[2026-06-08T23:27:07.174Z] URL: /attendance?date=2026-06-08, Method: GET, Auth: Bearer MDqDV718qo7T0..., Session: User: admin@school.com, Role: admin
[requireRole] URL: /attendance?date=2026-06-08, context: true, user: true, role: admin, allowed: ["admin","guru"]
[2026-06-08T23:27:08.897Z] URL: /, Method: GET, Auth: Bearer MDqDV718qo7T0..., Session: User: admin@school.com, Role: admin
[requireRole] URL: /, context: true, user: true, role: admin, allowed: ["admin"]
[2026-06-08T23:27:08.922Z] URL: /, Method: GET, Auth: Bearer MDqDV718qo7T0..., Session: User: admin@school.com, Role: admin
[requireRole] URL: /, context: true, user: true, role: admin, allowed: ["admin"]
[2026-06-08T23:27:08.938Z] URL: /, Method: GET, Auth: Bearer MDqDV718qo7T0..., Session: User: admin@school.com, Role: admin
[requireRole] URL: /, context: true, user: true, role: admin, allowed: ["admin"]
[2026-06-08T23:27:32.705Z] URL: /api/attendance, Method: POST, Auth: Bearer DaQ27dT8C0tG1..., Session: User: siswa@school.com, Role: siswa
[requireRole] URL: /api/attendance, context: true, user: true, role: siswa, allowed: ["siswa"]
[2026-06-08T23:27:38.538Z] URL: /stats?date=2026-06-08, Method: GET, Auth: Bearer MDqDV718qo7T0..., Session: User: admin@school.com, Role: admin
[requireRole] URL: /stats?date=2026-06-08, context: true, user: true, role: admin, allowed: ["admin","guru"]
[2026-06-08T23:27:38.608Z] URL: /attendance?date=2026-06-08, Method: GET, Auth: Bearer MDqDV718qo7T0..., Session: User: admin@school.com, Role: admin
[requireRole] URL: /attendance?date=2026-06-08, context: true, user: true, role: admin, allowed: ["admin","guru"]
[2026-06-08T23:27:38.637Z] URL: /stats?date=2026-06-08, Method: GET, Auth: Bearer MDqDV718qo7T0..., Session: User: admin@school.com, Role: admin
[requireRole] URL: /stats?date=2026-06-08, context: true, user: true, role: admin, allowed: ["admin","guru"]
[2026-06-08T23:27:38.651Z] URL: /attendance?date=2026-06-08, Method: GET, Auth: Bearer MDqDV718qo7T0..., Session: User: admin@school.com, Role: admin
[requireRole] URL: /attendance?date=2026-06-08, context: true, user: true, role: admin, allowed: ["admin","guru"]
[2026-06-08T23:27:40.098Z] URL: /, Method: GET, Auth: Bearer MDqDV718qo7T0..., Session: User: admin@school.com, Role: admin
[requireRole] URL: /, context: true, user: true, role: admin, allowed: ["admin"]
[2026-06-08T23:27:40.123Z] URL: /, Method: GET, Auth: Bearer MDqDV718qo7T0..., Session: User: admin@school.com, Role: admin
[requireRole] URL: /, context: true, user: true, role: admin, allowed: ["admin"]
[2026-06-08T23:27:40.142Z] URL: /, Method: GET, Auth: Bearer MDqDV718qo7T0..., Session: User: admin@school.com, Role: admin
[requireRole] URL: /, context: true, user: true, role: admin, allowed: ["admin"]
[2026-06-08T23:28:14.309Z] URL: /stats?date=2026-06-08, Method: GET, Auth: Bearer MDqDV718qo7T0..., Session: User: admin@school.com, Role: admin
[requireRole] URL: /stats?date=2026-06-08, context: true, user: true, role: admin, allowed: ["admin","guru"]
[2026-06-08T23:28:14.312Z] URL: /attendance?date=2026-06-08, Method: GET, Auth: Bearer MDqDV718qo7T0..., Session: User: admin@school.com, Role: admin
[requireRole] URL: /attendance?date=2026-06-08, context: true, user: true, role: admin, allowed: ["admin","guru"]
[2026-06-08T23:28:36.790Z] URL: /stats?date=2026-06-08, Method: GET, Auth: Bearer MDqDV718qo7T0..., Session: User: admin@school.com, Role: admin
[requireRole] URL: /stats?date=2026-06-08, context: true, user: true, role: admin, allowed: ["admin","guru"]
[2026-06-08T23:28:36.807Z] URL: /attendance?date=2026-06-08, Method: GET, Auth: Bearer MDqDV718qo7T0..., Session: User: admin@school.com, Role: admin
[requireRole] URL: /attendance?date=2026-06-08, context: true, user: true, role: admin, allowed: ["admin","guru"]
[2026-06-08T23:28:36.862Z] URL: /stats?date=2026-06-08, Method: GET, Auth: Bearer MDqDV718qo7T0..., Session: User: admin@school.com, Role: admin
[requireRole] URL: /stats?date=2026-06-08, context: true, user: true, role: admin, allowed: ["admin","guru"]
[2026-06-08T23:28:36.905Z] URL: /attendance?date=2026-06-08, Method: GET, Auth: Bearer MDqDV718qo7T0..., Session: User: admin@school.com, Role: admin
[requireRole] URL: /attendance?date=2026-06-08, context: true, user: true, role: admin, allowed: ["admin","guru"]
[2026-06-08T23:28:49.052Z] URL: /, Method: GET, Auth: Bearer MDqDV718qo7T0..., Session: User: admin@school.com, Role: admin
[requireRole] URL: /, context: true, user: true, role: admin, allowed: ["admin"]
[2026-06-08T23:28:49.074Z] URL: /, Method: GET, Auth: Bearer MDqDV718qo7T0..., Session: User: admin@school.com, Role: admin
[requireRole] URL: /, context: true, user: true, role: admin, allowed: ["admin"]
[2026-06-08T23:28:49.093Z] URL: /, Method: GET, Auth: Bearer MDqDV718qo7T0..., Session: User: admin@school.com, Role: admin
[requireRole] URL: /, context: true, user: true, role: admin, allowed: ["admin"]
[2026-06-08T23:28:51.556Z] URL: /, Method: GET, Auth: Bearer MDqDV718qo7T0..., Session: User: admin@school.com, Role: admin
[requireRole] URL: /, context: true, user: true, role: admin, allowed: ["admin"]
[2026-06-08T23:28:55.236Z] URL: /, Method: GET, Auth: Bearer MDqDV718qo7T0..., Session: User: admin@school.com, Role: admin
[requireRole] URL: /, context: true, user: true, role: admin, allowed: ["admin"]
[2026-06-08T23:28:56.880Z] URL: /attendance?date=2026-06-08, Method: GET, Auth: Bearer MDqDV718qo7T0..., Session: User: admin@school.com, Role: admin
[requireRole] URL: /attendance?date=2026-06-08, context: true, user: true, role: admin, allowed: ["admin","guru"]
[2026-06-08T23:28:56.887Z] URL: /stats?date=2026-06-08, Method: GET, Auth: Bearer MDqDV718qo7T0..., Session: User: admin@school.com, Role: admin
[requireRole] URL: /stats?date=2026-06-08, context: true, user: true, role: admin, allowed: ["admin","guru"]
[2026-06-08T23:29:08.143Z] URL: /api/attendance, Method: POST, Auth: Bearer DaQ27dT8C0tG1..., Session: User: siswa@school.com, Role: siswa
[requireRole] URL: /api/attendance, context: true, user: true, role: siswa, allowed: ["siswa"]
[2026-06-08T23:30:14.766Z] URL: /stats?date=2026-06-08, Method: GET, Auth: Bearer MDqDV718qo7T0..., Session: User: admin@school.com, Role: admin
[requireRole] URL: /stats?date=2026-06-08, context: true, user: true, role: admin, allowed: ["admin","guru"]
[2026-06-08T23:30:14.771Z] URL: /attendance?date=2026-06-08, Method: GET, Auth: Bearer MDqDV718qo7T0..., Session: User: admin@school.com, Role: admin
[requireRole] URL: /attendance?date=2026-06-08, context: true, user: true, role: admin, allowed: ["admin","guru"]
[2026-06-08T23:30:14.823Z] URL: /stats?date=2026-06-08, Method: GET, Auth: Bearer MDqDV718qo7T0..., Session: User: admin@school.com, Role: admin
[requireRole] URL: /stats?date=2026-06-08, context: true, user: true, role: admin, allowed: ["admin","guru"]
[2026-06-08T23:30:14.836Z] URL: /attendance?date=2026-06-08, Method: GET, Auth: Bearer MDqDV718qo7T0..., Session: User: admin@school.com, Role: admin
[requireRole] URL: /attendance?date=2026-06-08, context: true, user: true, role: admin, allowed: ["admin","guru"]
[2026-06-08T23:31:40.418Z] URL: /api/attendance, Method: POST, Auth: Bearer DaQ27dT8C0tG1..., Session: User: siswa@school.com, Role: siswa
[requireRole] URL: /api/attendance, context: true, user: true, role: siswa, allowed: ["siswa"]
[2026-06-08T23:32:34.499Z] URL: /stats?date=2026-06-08, Method: GET, Auth: Bearer MDqDV718qo7T0..., Session: User: admin@school.com, Role: admin
[requireRole] URL: /stats?date=2026-06-08, context: true, user: true, role: admin, allowed: ["admin","guru"]
[2026-06-08T23:32:34.526Z] URL: /attendance?date=2026-06-08, Method: GET, Auth: Bearer MDqDV718qo7T0..., Session: User: admin@school.com, Role: admin
[requireRole] URL: /attendance?date=2026-06-08, context: true, user: true, role: admin, allowed: ["admin","guru"]
[2026-06-08T23:32:34.553Z] URL: /stats?date=2026-06-08, Method: GET, Auth: Bearer MDqDV718qo7T0..., Session: User: admin@school.com, Role: admin
[requireRole] URL: /stats?date=2026-06-08, context: true, user: true, role: admin, allowed: ["admin","guru"]
[2026-06-08T23:32:34.571Z] URL: /attendance?date=2026-06-08, Method: GET, Auth: Bearer MDqDV718qo7T0..., Session: User: admin@school.com, Role: admin
[requireRole] URL: /attendance?date=2026-06-08, context: true, user: true, role: admin, allowed: ["admin","guru"]
[2026-06-08T23:32:36.440Z] URL: /stats?date=2026-06-08, Method: GET, Auth: Bearer MDqDV718qo7T0..., Session: User: admin@school.com, Role: admin
[requireRole] URL: /stats?date=2026-06-08, context: true, user: true, role: admin, allowed: ["admin","guru"]
[2026-06-08T23:32:36.443Z] URL: /attendance?date=2026-06-08, Method: GET, Auth: Bearer MDqDV718qo7T0..., Session: User: admin@school.com, Role: admin
[requireRole] URL: /attendance?date=2026-06-08, context: true, user: true, role: admin, allowed: ["admin","guru"]
[2026-06-08T23:32:36.493Z] URL: /stats?date=2026-06-08, Method: GET, Auth: Bearer MDqDV718qo7T0..., Session: User: admin@school.com, Role: admin
[requireRole] URL: /stats?date=2026-06-08, context: true, user: true, role: admin, allowed: ["admin","guru"]
[2026-06-08T23:32:36.505Z] URL: /attendance?date=2026-06-08, Method: GET, Auth: Bearer MDqDV718qo7T0..., Session: User: admin@school.com, Role: admin
[requireRole] URL: /attendance?date=2026-06-08, context: true, user: true, role: admin, allowed: ["admin","guru"]
[2026-06-08T23:32:38.922Z] URL: /, Method: GET, Auth: Bearer MDqDV718qo7T0..., Session: User: admin@school.com, Role: admin
[requireRole] URL: /, context: true, user: true, role: admin, allowed: ["admin"]
[2026-06-08T23:32:39.794Z] URL: /attendance?date=2026-06-08, Method: GET, Auth: Bearer MDqDV718qo7T0..., Session: User: admin@school.com, Role: admin
[requireRole] URL: /attendance?date=2026-06-08, context: true, user: true, role: admin, allowed: ["admin","guru"]
[2026-06-08T23:32:39.800Z] URL: /stats?date=2026-06-08, Method: GET, Auth: Bearer MDqDV718qo7T0..., Session: User: admin@school.com, Role: admin
[requireRole] URL: /stats?date=2026-06-08, context: true, user: true, role: admin, allowed: ["admin","guru"]
[2026-06-08T23:32:50.804Z] URL: /stats?date=2026-06-08&year=2025, Method: GET, Auth: Bearer MDqDV718qo7T0..., Session: User: admin@school.com, Role: admin
[requireRole] URL: /stats?date=2026-06-08&year=2025, context: true, user: true, role: admin, allowed: ["admin","guru"]
[2026-06-08T23:32:50.806Z] URL: /attendance?date=2026-06-08&year=2025, Method: GET, Auth: Bearer MDqDV718qo7T0..., Session: User: admin@school.com, Role: admin
[requireRole] URL: /attendance?date=2026-06-08&year=2025, context: true, user: true, role: admin, allowed: ["admin","guru"]
[2026-06-08T23:32:55.426Z] URL: /stats?date=2026-06-08&month=6&year=2025, Method: GET, Auth: Bearer MDqDV718qo7T0..., Session: User: admin@school.com, Role: admin
[requireRole] URL: /stats?date=2026-06-08&month=6&year=2025, context: true, user: true, role: admin, allowed: ["admin","guru"]
[2026-06-08T23:32:55.431Z] URL: /attendance?date=2026-06-08&month=6&year=2025, Method: GET, Auth: Bearer MDqDV718qo7T0..., Session: User: admin@school.com, Role: admin
[requireRole] URL: /attendance?date=2026-06-08&month=6&year=2025, context: true, user: true, role: admin, allowed: ["admin","guru"]
[2026-06-08T23:33:04.971Z] URL: /stats?date=2026-06-09&month=6&year=2025, Method: GET, Auth: Bearer MDqDV718qo7T0..., Session: User: admin@school.com, Role: admin
[requireRole] URL: /stats?date=2026-06-09&month=6&year=2025, context: true, user: true, role: admin, allowed: ["admin","guru"]
[2026-06-08T23:33:04.974Z] URL: /attendance?date=2026-06-09&month=6&year=2025, Method: GET, Auth: Bearer MDqDV718qo7T0..., Session: User: admin@school.com, Role: admin
[requireRole] URL: /attendance?date=2026-06-09&month=6&year=2025, context: true, user: true, role: admin, allowed: ["admin","guru"]
[2026-06-08T23:45:18.274Z] URL: /attendance?date=2026-06-09&month=6&year=2025, Method: GET, Auth: Bearer MDqDV718qo7T0..., Session: User: admin@school.com, Role: admin
[requireRole] URL: /attendance?date=2026-06-09&month=6&year=2025, context: true, user: true, role: admin, allowed: ["admin","guru"]
[2026-06-08T23:45:18.289Z] URL: /stats?date=2026-06-09&month=6&year=2025, Method: GET, Auth: Bearer MDqDV718qo7T0..., Session: User: admin@school.com, Role: admin
[requireRole] URL: /stats?date=2026-06-09&month=6&year=2025, context: true, user: true, role: admin, allowed: ["admin","guru"]
[2026-06-08T23:45:29.163Z] URL: /stats?date=2026-06-09&month=6&year=2025, Method: GET, Auth: Bearer MDqDV718qo7T0..., Session: User: admin@school.com, Role: admin
[requireRole] URL: /stats?date=2026-06-09&month=6&year=2025, context: true, user: true, role: admin, allowed: ["admin","guru"]
[2026-06-08T23:45:29.171Z] URL: /attendance?date=2026-06-09&month=6&year=2025, Method: GET, Auth: Bearer MDqDV718qo7T0..., Session: User: admin@school.com, Role: admin
[requireRole] URL: /attendance?date=2026-06-09&month=6&year=2025, context: true, user: true, role: admin, allowed: ["admin","guru"]
[2026-06-08T23:46:45.651Z] URL: /api/attendance, Method: POST, Auth: Bearer DaQ27dT8C0tG1..., Session: User: siswa@school.com, Role: siswa
[requireRole] URL: /api/attendance, context: true, user: true, role: siswa, allowed: ["siswa"]
[2026-06-08T23:46:58.656Z] URL: /attendance?date=2026-06-09&month=6&year=2025, Method: GET, Auth: Bearer MDqDV718qo7T0..., Session: User: admin@school.com, Role: admin
[requireRole] URL: /attendance?date=2026-06-09&month=6&year=2025, context: true, user: true, role: admin, allowed: ["admin","guru"]
[2026-06-08T23:46:58.661Z] URL: /stats?date=2026-06-09&month=6&year=2025, Method: GET, Auth: Bearer MDqDV718qo7T0..., Session: User: admin@school.com, Role: admin
[requireRole] URL: /stats?date=2026-06-09&month=6&year=2025, context: true, user: true, role: admin, allowed: ["admin","guru"]
[2026-06-08T23:47:12.662Z] URL: /, Method: GET, Auth: Bearer MDqDV718qo7T0..., Session: User: admin@school.com, Role: admin
[requireRole] URL: /, context: true, user: true, role: admin, allowed: ["admin"]
[2026-06-08T23:47:13.656Z] URL: /, Method: GET, Auth: Bearer MDqDV718qo7T0..., Session: User: admin@school.com, Role: admin
[requireRole] URL: /, context: true, user: true, role: admin, allowed: ["admin"]
[2026-06-08T23:47:13.686Z] URL: /, Method: GET, Auth: Bearer MDqDV718qo7T0..., Session: User: admin@school.com, Role: admin
[requireRole] URL: /, context: true, user: true, role: admin, allowed: ["admin"]
[2026-06-08T23:47:13.706Z] URL: /, Method: GET, Auth: Bearer MDqDV718qo7T0..., Session: User: admin@school.com, Role: admin
[requireRole] URL: /, context: true, user: true, role: admin, allowed: ["admin"]
[2026-06-08T23:47:16.859Z] URL: /stats?date=2026-06-09&month=6&year=2025, Method: GET, Auth: Bearer MDqDV718qo7T0..., Session: User: admin@school.com, Role: admin
[requireRole] URL: /stats?date=2026-06-09&month=6&year=2025, context: true, user: true, role: admin, allowed: ["admin","guru"]
[2026-06-08T23:47:16.869Z] URL: /attendance?date=2026-06-09&month=6&year=2025, Method: GET, Auth: Bearer MDqDV718qo7T0..., Session: User: admin@school.com, Role: admin
[requireRole] URL: /attendance?date=2026-06-09&month=6&year=2025, context: true, user: true, role: admin, allowed: ["admin","guru"]
[2026-06-08T23:47:22.694Z] URL: /, Method: GET, Auth: Bearer MDqDV718qo7T0..., Session: User: admin@school.com, Role: admin
[requireRole] URL: /, context: true, user: true, role: admin, allowed: ["admin"]
[2026-06-08T23:47:30.512Z] URL: /, Method: GET, Auth: Bearer MDqDV718qo7T0..., Session: User: admin@school.com, Role: admin
[requireRole] URL: /, context: true, user: true, role: admin, allowed: ["admin"]
[2026-06-08T23:47:46.669Z] URL: /stats?date=2026-06-09&month=6&year=2025, Method: GET, Auth: Bearer MDqDV718qo7T0..., Session: User: admin@school.com, Role: admin
[requireRole] URL: /stats?date=2026-06-09&month=6&year=2025, context: true, user: true, role: admin, allowed: ["admin","guru"]
[2026-06-08T23:47:46.678Z] URL: /attendance?date=2026-06-09&month=6&year=2025, Method: GET, Auth: Bearer MDqDV718qo7T0..., Session: User: admin@school.com, Role: admin
[requireRole] URL: /attendance?date=2026-06-09&month=6&year=2025, context: true, user: true, role: admin, allowed: ["admin","guru"]
[2026-06-08T23:47:49.086Z] URL: /, Method: GET, Auth: Bearer MDqDV718qo7T0..., Session: User: admin@school.com, Role: admin
[requireRole] URL: /, context: true, user: true, role: admin, allowed: ["admin"]
[2026-06-08T23:47:49.600Z] URL: /, Method: GET, Auth: Bearer MDqDV718qo7T0..., Session: User: admin@school.com, Role: admin
[requireRole] URL: /, context: true, user: true, role: admin, allowed: ["admin"]
[2026-06-08T23:47:50.168Z] URL: /, Method: GET, Auth: Bearer MDqDV718qo7T0..., Session: User: admin@school.com, Role: admin
[requireRole] URL: /, context: true, user: true, role: admin, allowed: ["admin"]
[2026-06-08T23:47:50.189Z] URL: /, Method: GET, Auth: Bearer MDqDV718qo7T0..., Session: User: admin@school.com, Role: admin
[requireRole] URL: /, context: true, user: true, role: admin, allowed: ["admin"]
[2026-06-08T23:47:50.213Z] URL: /, Method: GET, Auth: Bearer MDqDV718qo7T0..., Session: User: admin@school.com, Role: admin
[requireRole] URL: /, context: true, user: true, role: admin, allowed: ["admin"]
[2026-06-08T23:47:52.403Z] URL: /, Method: GET, Auth: Bearer MDqDV718qo7T0..., Session: User: admin@school.com, Role: admin
[requireRole] URL: /, context: true, user: true, role: admin, allowed: ["admin"]
[2026-06-08T23:47:53.597Z] URL: /, Method: GET, Auth: Bearer MDqDV718qo7T0..., Session: User: admin@school.com, Role: admin
[requireRole] URL: /, context: true, user: true, role: admin, allowed: ["admin"]
[2026-06-08T23:47:54.229Z] URL: /stats?date=2026-06-09&month=6&year=2025, Method: GET, Auth: Bearer MDqDV718qo7T0..., Session: User: admin@school.com, Role: admin
[requireRole] URL: /stats?date=2026-06-09&month=6&year=2025, context: true, user: true, role: admin, allowed: ["admin","guru"]
[2026-06-08T23:47:54.236Z] URL: /attendance?date=2026-06-09&month=6&year=2025, Method: GET, Auth: Bearer MDqDV718qo7T0..., Session: User: admin@school.com, Role: admin
[requireRole] URL: /attendance?date=2026-06-09&month=6&year=2025, context: true, user: true, role: admin, allowed: ["admin","guru"]
[2026-06-08T23:48:00.468Z] URL: /stats?date=2026-06-09&classId=1&month=6&year=2025, Method: GET, Auth: Bearer MDqDV718qo7T0..., Session: User: admin@school.com, Role: admin
[requireRole] URL: /stats?date=2026-06-09&classId=1&month=6&year=2025, context: true, user: true, role: admin, allowed: ["admin","guru"]
[2026-06-08T23:48:00.472Z] URL: /attendance?date=2026-06-09&classId=1&month=6&year=2025, Method: GET, Auth: Bearer MDqDV718qo7T0..., Session: User: admin@school.com, Role: admin
[requireRole] URL: /attendance?date=2026-06-09&classId=1&month=6&year=2025, context: true, user: true, role: admin, allowed: ["admin","guru"]
[2026-06-08T23:48:03.724Z] URL: /stats?date=2026-06-09&classId=1&month=6&year=2026, Method: GET, Auth: Bearer MDqDV718qo7T0..., Session: User: admin@school.com, Role: admin
[requireRole] URL: /stats?date=2026-06-09&classId=1&month=6&year=2026, context: true, user: true, role: admin, allowed: ["admin","guru"]
[2026-06-08T23:48:03.729Z] URL: /attendance?date=2026-06-09&classId=1&month=6&year=2026, Method: GET, Auth: Bearer MDqDV718qo7T0..., Session: User: admin@school.com, Role: admin
[requireRole] URL: /attendance?date=2026-06-09&classId=1&month=6&year=2026, context: true, user: true, role: admin, allowed: ["admin","guru"]
[2026-06-08T23:48:59.885Z] URL: /stats?date=2026-06-09&classId=1&month=6&year=2025, Method: GET, Auth: Bearer MDqDV718qo7T0..., Session: User: admin@school.com, Role: admin
[requireRole] URL: /stats?date=2026-06-09&classId=1&month=6&year=2025, context: true, user: true, role: admin, allowed: ["admin","guru"]
[2026-06-08T23:48:59.889Z] URL: /attendance?date=2026-06-09&classId=1&month=6&year=2025, Method: GET, Auth: Bearer MDqDV718qo7T0..., Session: User: admin@school.com, Role: admin
[requireRole] URL: /attendance?date=2026-06-09&classId=1&month=6&year=2025, context: true, user: true, role: admin, allowed: ["admin","guru"]
[2026-06-08T23:49:12.784Z] URL: /, Method: GET, Auth: Bearer MDqDV718qo7T0..., Session: User: admin@school.com, Role: admin
[requireRole] URL: /, context: true, user: true, role: admin, allowed: ["admin"]
[2026-06-08T23:49:12.809Z] URL: /, Method: GET, Auth: Bearer MDqDV718qo7T0..., Session: User: admin@school.com, Role: admin
[requireRole] URL: /, context: true, user: true, role: admin, allowed: ["admin"]
[2026-06-08T23:49:12.831Z] URL: /, Method: GET, Auth: Bearer MDqDV718qo7T0..., Session: User: admin@school.com, Role: admin
[requireRole] URL: /, context: true, user: true, role: admin, allowed: ["admin"]
[2026-06-09T00:08:07.579Z] URL: /api/attendance, Method: POST, Auth: Bearer DaQ27dT8C0tG1..., Session: User: siswa@school.com, Role: siswa
[requireRole] URL: /api/attendance, context: true, user: true, role: siswa, allowed: ["siswa"]
[2026-06-09T00:08:51.692Z] URL: /api/attendance, Method: POST, Auth: Bearer DaQ27dT8C0tG1..., Session: User: siswa@school.com, Role: siswa
[requireRole] URL: /api/attendance, context: true, user: true, role: siswa, allowed: ["siswa"]
[2026-06-09T00:10:39.550Z] URL: /api/attendance, Method: POST, Auth: Bearer DaQ27dT8C0tG1..., Session: User: siswa@school.com, Role: siswa
[requireRole] URL: /api/attendance, context: true, user: true, role: siswa, allowed: ["siswa"]
[2026-06-09T00:10:42.924Z] URL: /api/attendance, Method: POST, Auth: Bearer DaQ27dT8C0tG1..., Session: User: siswa@school.com, Role: siswa
[requireRole] URL: /api/attendance, context: true, user: true, role: siswa, allowed: ["siswa"]
[2026-06-09T00:10:43.485Z] URL: /api/attendance, Method: POST, Auth: Bearer DaQ27dT8C0tG1..., Session: User: siswa@school.com, Role: siswa
[requireRole] URL: /api/attendance, context: true, user: true, role: siswa, allowed: ["siswa"]
[2026-06-09T00:10:45.031Z] URL: /api/attendance, Method: POST, Auth: Bearer DaQ27dT8C0tG1..., Session: User: siswa@school.com, Role: siswa
[requireRole] URL: /api/attendance, context: true, user: true, role: siswa, allowed: ["siswa"]
[2026-06-09T00:10:45.500Z] URL: /api/attendance, Method: POST, Auth: Bearer DaQ27dT8C0tG1..., Session: User: siswa@school.com, Role: siswa
[requireRole] URL: /api/attendance, context: true, user: true, role: siswa, allowed: ["siswa"]
[2026-06-09T00:10:45.778Z] URL: /api/attendance, Method: POST, Auth: Bearer DaQ27dT8C0tG1..., Session: User: siswa@school.com, Role: siswa
[requireRole] URL: /api/attendance, context: true, user: true, role: siswa, allowed: ["siswa"]
[2026-06-09T00:10:46.587Z] URL: /api/attendance, Method: POST, Auth: Bearer DaQ27dT8C0tG1..., Session: User: siswa@school.com, Role: siswa
[requireRole] URL: /api/attendance, context: true, user: true, role: siswa, allowed: ["siswa"]
[2026-06-09T00:10:46.826Z] URL: /api/attendance, Method: POST, Auth: Bearer DaQ27dT8C0tG1..., Session: User: siswa@school.com, Role: siswa
[requireRole] URL: /api/attendance, context: true, user: true, role: siswa, allowed: ["siswa"]
[2026-06-09T00:10:47.073Z] URL: /api/attendance, Method: POST, Auth: Bearer DaQ27dT8C0tG1..., Session: User: siswa@school.com, Role: siswa
[requireRole] URL: /api/attendance, context: true, user: true, role: siswa, allowed: ["siswa"]
[2026-06-09T00:10:47.276Z] URL: /api/attendance, Method: POST, Auth: Bearer DaQ27dT8C0tG1..., Session: User: siswa@school.com, Role: siswa
[requireRole] URL: /api/attendance, context: true, user: true, role: siswa, allowed: ["siswa"]
[2026-06-09T00:10:47.577Z] URL: /api/attendance, Method: POST, Auth: Bearer DaQ27dT8C0tG1..., Session: User: siswa@school.com, Role: siswa
[requireRole] URL: /api/attendance, context: true, user: true, role: siswa, allowed: ["siswa"]
[2026-06-09T00:14:38.496Z] URL: /, Method: GET, Auth: Bearer MDqDV718qo7T0..., Session: User: admin@school.com, Role: admin
[requireRole] URL: /, context: true, user: true, role: admin, allowed: ["admin"]
[2026-06-09T00:14:39.878Z] URL: /stats?date=2026-06-09&classId=1&month=6&year=2025, Method: GET, Auth: Bearer MDqDV718qo7T0..., Session: User: admin@school.com, Role: admin
[requireRole] URL: /stats?date=2026-06-09&classId=1&month=6&year=2025, context: true, user: true, role: admin, allowed: ["admin","guru"]
[2026-06-09T00:14:39.905Z] URL: /attendance?date=2026-06-09&classId=1&month=6&year=2025, Method: GET, Auth: Bearer MDqDV718qo7T0..., Session: User: admin@school.com, Role: admin
[requireRole] URL: /attendance?date=2026-06-09&classId=1&month=6&year=2025, context: true, user: true, role: admin, allowed: ["admin","guru"]
[2026-06-09T00:14:42.339Z] URL: /attendance?date=2026-06-09&classId=1&month=6&year=2025, Method: GET, Auth: Bearer MDqDV718qo7T0..., Session: User: admin@school.com, Role: admin
[requireRole] URL: /attendance?date=2026-06-09&classId=1&month=6&year=2025, context: true, user: true, role: admin, allowed: ["admin","guru"]
[2026-06-09T00:14:42.343Z] URL: /stats?date=2026-06-09&classId=1&month=6&year=2025, Method: GET, Auth: Bearer MDqDV718qo7T0..., Session: User: admin@school.com, Role: admin
[requireRole] URL: /stats?date=2026-06-09&classId=1&month=6&year=2025, context: true, user: true, role: admin, allowed: ["admin","guru"]
[2026-06-09T00:15:01.488Z] URL: /attendance?date=2026-06-09, Method: GET, Auth: Bearer MDqDV718qo7T0..., Session: User: admin@school.com, Role: admin
[requireRole] URL: /attendance?date=2026-06-09, context: true, user: true, role: admin, allowed: ["admin","guru"]
[2026-06-09T00:15:01.507Z] URL: /stats?date=2026-06-09, Method: GET, Auth: Bearer MDqDV718qo7T0..., Session: User: admin@school.com, Role: admin
[requireRole] URL: /stats?date=2026-06-09, context: true, user: true, role: admin, allowed: ["admin","guru"]
[2026-06-09T00:15:01.658Z] URL: /stats?date=2026-06-09, Method: GET, Auth: Bearer MDqDV718qo7T0..., Session: User: admin@school.com, Role: admin
[requireRole] URL: /stats?date=2026-06-09, context: true, user: true, role: admin, allowed: ["admin","guru"]
[2026-06-09T00:15:01.687Z] URL: /attendance?date=2026-06-09, Method: GET, Auth: Bearer MDqDV718qo7T0..., Session: User: admin@school.com, Role: admin
[requireRole] URL: /attendance?date=2026-06-09, context: true, user: true, role: admin, allowed: ["admin","guru"]
[2026-06-09T00:15:05.347Z] URL: /stats?date=2026-06-09, Method: GET, Auth: Bearer MDqDV718qo7T0..., Session: User: admin@school.com, Role: admin
[requireRole] URL: /stats?date=2026-06-09, context: true, user: true, role: admin, allowed: ["admin","guru"]
[2026-06-09T00:15:05.423Z] URL: /attendance?date=2026-06-09, Method: GET, Auth: Bearer MDqDV718qo7T0..., Session: User: admin@school.com, Role: admin
[requireRole] URL: /attendance?date=2026-06-09, context: true, user: true, role: admin, allowed: ["admin","guru"]
[2026-06-09T00:15:05.447Z] URL: /stats?date=2026-06-09, Method: GET, Auth: Bearer MDqDV718qo7T0..., Session: User: admin@school.com, Role: admin
[requireRole] URL: /stats?date=2026-06-09, context: true, user: true, role: admin, allowed: ["admin","guru"]
[2026-06-09T00:15:05.494Z] URL: /attendance?date=2026-06-09, Method: GET, Auth: Bearer MDqDV718qo7T0..., Session: User: admin@school.com, Role: admin
[requireRole] URL: /attendance?date=2026-06-09, context: true, user: true, role: admin, allowed: ["admin","guru"]
[2026-06-09T00:15:05.942Z] URL: /stats?date=2026-06-09, Method: GET, Auth: Bearer MDqDV718qo7T0..., Session: User: admin@school.com, Role: admin
[requireRole] URL: /stats?date=2026-06-09, context: true, user: true, role: admin, allowed: ["admin","guru"]
[2026-06-09T00:15:05.973Z] URL: /attendance?date=2026-06-09, Method: GET, Auth: Bearer MDqDV718qo7T0..., Session: User: admin@school.com, Role: admin
[requireRole] URL: /attendance?date=2026-06-09, context: true, user: true, role: admin, allowed: ["admin","guru"]
[2026-06-09T00:15:06.025Z] URL: /stats?date=2026-06-09, Method: GET, Auth: Bearer MDqDV718qo7T0..., Session: User: admin@school.com, Role: admin
[requireRole] URL: /stats?date=2026-06-09, context: true, user: true, role: admin, allowed: ["admin","guru"]
[2026-06-09T00:15:06.058Z] URL: /attendance?date=2026-06-09, Method: GET, Auth: Bearer MDqDV718qo7T0..., Session: User: admin@school.com, Role: admin
[requireRole] URL: /attendance?date=2026-06-09, context: true, user: true, role: admin, allowed: ["admin","guru"]
[2026-06-09T00:15:07.373Z] URL: /stats?date=2026-06-09, Method: GET, Auth: Bearer MDqDV718qo7T0..., Session: User: admin@school.com, Role: admin
[requireRole] URL: /stats?date=2026-06-09, context: true, user: true, role: admin, allowed: ["admin","guru"]
[2026-06-09T00:15:07.390Z] URL: /attendance?date=2026-06-09, Method: GET, Auth: Bearer MDqDV718qo7T0..., Session: User: admin@school.com, Role: admin
[requireRole] URL: /attendance?date=2026-06-09, context: true, user: true, role: admin, allowed: ["admin","guru"]
[2026-06-09T00:15:08.073Z] URL: /stats?date=2026-06-09, Method: GET, Auth: Bearer MDqDV718qo7T0..., Session: User: admin@school.com, Role: admin
[requireRole] URL: /stats?date=2026-06-09, context: true, user: true, role: admin, allowed: ["admin","guru"]
[2026-06-09T00:15:08.080Z] URL: /attendance?date=2026-06-09, Method: GET, Auth: Bearer MDqDV718qo7T0..., Session: User: admin@school.com, Role: admin
[requireRole] URL: /attendance?date=2026-06-09, context: true, user: true, role: admin, allowed: ["admin","guru"]
[2026-06-09T00:15:08.642Z] URL: /stats?date=2026-06-09, Method: GET, Auth: Bearer MDqDV718qo7T0..., Session: User: admin@school.com, Role: admin
[requireRole] URL: /stats?date=2026-06-09, context: true, user: true, role: admin, allowed: ["admin","guru"]
[2026-06-09T00:15:08.653Z] URL: /attendance?date=2026-06-09, Method: GET, Auth: Bearer MDqDV718qo7T0..., Session: User: admin@school.com, Role: admin
[requireRole] URL: /attendance?date=2026-06-09, context: true, user: true, role: admin, allowed: ["admin","guru"]
[2026-06-09T00:22:02.160Z] URL: /api/attendance, Method: POST, Auth: NONE, Session: NULL
[2026-06-09T00:22:10.357Z] URL: /api/attendance, Method: POST, Auth: NONE, Session: NULL
[2026-06-09T00:22:11.625Z] URL: /api/attendance, Method: POST, Auth: NONE, Session: NULL
[2026-06-09T00:22:12.162Z] URL: /api/attendance, Method: POST, Auth: NONE, Session: NULL
[2026-06-09T00:22:12.617Z] URL: /api/attendance, Method: POST, Auth: NONE, Session: NULL
[2026-06-09T00:22:14.371Z] URL: /api/attendance, Method: POST, Auth: NONE, Session: NULL
[2026-06-09T00:22:14.669Z] URL: /api/attendance, Method: POST, Auth: NONE, Session: NULL
[2026-06-09T00:22:14.995Z] URL: /api/attendance, Method: POST, Auth: NONE, Session: NULL
[2026-06-09T00:22:15.189Z] URL: /api/attendance, Method: POST, Auth: NONE, Session: NULL
[2026-06-09T00:22:15.397Z] URL: /api/attendance, Method: POST, Auth: NONE, Session: NULL
[2026-06-09T00:23:28.356Z] URL: /api/attendance, Method: POST, Auth: Bearer DaQ27dT8C0tG1..., Session: User: siswa@school.com, Role: siswa
[requireRole] URL: /api/attendance, context: true, user: true, role: siswa, allowed: ["siswa"]
[2026-06-09T01:02:28.755Z] URL: /, Method: GET, Auth: Bearer MDqDV718qo7T0..., Session: User: admin@school.com, Role: admin
[requireRole] URL: /, context: true, user: true, role: admin, allowed: ["admin"]
[2026-06-09T01:02:28.829Z] URL: /, Method: GET, Auth: Bearer MDqDV718qo7T0..., Session: User: admin@school.com, Role: admin
[requireRole] URL: /, context: true, user: true, role: admin, allowed: ["admin"]
[2026-06-09T01:02:28.861Z] URL: /, Method: GET, Auth: Bearer MDqDV718qo7T0..., Session: User: admin@school.com, Role: admin
[requireRole] URL: /, context: true, user: true, role: admin, allowed: ["admin"]
[2026-06-09T01:02:51.275Z] URL: /, Method: GET, Auth: Bearer MDqDV718qo7T0..., Session: User: admin@school.com, Role: admin
[requireRole] URL: /, context: true, user: true, role: admin, allowed: ["admin"]
[2026-06-09T01:03:14.996Z] URL: /, Method: POST, Auth: Bearer MDqDV718qo7T0..., Session: User: admin@school.com, Role: admin
[requireRole] URL: /, context: true, user: true, role: admin, allowed: ["admin"]
[2026-06-09T01:03:15.459Z] URL: /, Method: GET, Auth: Bearer MDqDV718qo7T0..., Session: User: admin@school.com, Role: admin
[requireRole] URL: /, context: true, user: true, role: admin, allowed: ["admin"]
[2026-06-09T01:03:18.657Z] URL: /, Method: GET, Auth: Bearer MDqDV718qo7T0..., Session: User: admin@school.com, Role: admin
[requireRole] URL: /, context: true, user: true, role: admin, allowed: ["admin"]
[2026-06-09T01:03:18.698Z] URL: /, Method: GET, Auth: Bearer MDqDV718qo7T0..., Session: User: admin@school.com, Role: admin
[requireRole] URL: /, context: true, user: true, role: admin, allowed: ["admin"]
[2026-06-09T01:03:18.726Z] URL: /, Method: GET, Auth: Bearer MDqDV718qo7T0..., Session: User: admin@school.com, Role: admin
[requireRole] URL: /, context: true, user: true, role: admin, allowed: ["admin"]
[2026-06-09T01:03:35.071Z] URL: /, Method: POST, Auth: Bearer MDqDV718qo7T0..., Session: User: admin@school.com, Role: admin
[requireRole] URL: /, context: true, user: true, role: admin, allowed: ["admin"]
[2026-06-09T01:03:35.139Z] URL: /, Method: GET, Auth: Bearer MDqDV718qo7T0..., Session: User: admin@school.com, Role: admin
[requireRole] URL: /, context: true, user: true, role: admin, allowed: ["admin"]
[2026-06-09T01:03:35.257Z] URL: /, Method: GET, Auth: Bearer MDqDV718qo7T0..., Session: User: admin@school.com, Role: admin
[requireRole] URL: /, context: true, user: true, role: admin, allowed: ["admin"]
[2026-06-09T01:03:35.303Z] URL: /, Method: GET, Auth: Bearer MDqDV718qo7T0..., Session: User: admin@school.com, Role: admin
[requireRole] URL: /, context: true, user: true, role: admin, allowed: ["admin"]
[2026-06-09T01:03:53.026Z] URL: /1, Method: DELETE, Auth: Bearer MDqDV718qo7T0..., Session: User: admin@school.com, Role: admin
[requireRole] URL: /1, context: true, user: true, role: admin, allowed: ["admin"]
[2026-06-09T01:04:19.174Z] URL: /1, Method: DELETE, Auth: Bearer MDqDV718qo7T0..., Session: User: admin@school.com, Role: admin
[requireRole] URL: /1, context: true, user: true, role: admin, allowed: ["admin"]
[2026-06-09T01:04:19.220Z] URL: /, Method: GET, Auth: Bearer MDqDV718qo7T0..., Session: User: admin@school.com, Role: admin
[requireRole] URL: /, context: true, user: true, role: admin, allowed: ["admin"]
[2026-06-09T01:04:19.242Z] URL: /, Method: GET, Auth: Bearer MDqDV718qo7T0..., Session: User: admin@school.com, Role: admin
[requireRole] URL: /, context: true, user: true, role: admin, allowed: ["admin"]
[2026-06-09T01:04:19.273Z] URL: /, Method: GET, Auth: Bearer MDqDV718qo7T0..., Session: User: admin@school.com, Role: admin
[requireRole] URL: /, context: true, user: true, role: admin, allowed: ["admin"]
[2026-06-09T01:16:25.766Z] URL: /attendance?date=2026-06-09, Method: GET, Auth: Bearer MDqDV718qo7T0..., Session: User: admin@school.com, Role: admin
[requireRole] URL: /attendance?date=2026-06-09, context: true, user: true, role: admin, allowed: ["admin","guru"]
[2026-06-09T01:16:25.775Z] URL: /stats?date=2026-06-09, Method: GET, Auth: Bearer MDqDV718qo7T0..., Session: User: admin@school.com, Role: admin
[requireRole] URL: /stats?date=2026-06-09, context: true, user: true, role: admin, allowed: ["admin","guru"]
[2026-06-09T01:16:25.857Z] URL: /attendance?date=2026-06-09, Method: GET, Auth: Bearer MDqDV718qo7T0..., Session: User: admin@school.com, Role: admin
[requireRole] URL: /attendance?date=2026-06-09, context: true, user: true, role: admin, allowed: ["admin","guru"]
[2026-06-09T01:16:25.871Z] URL: /stats?date=2026-06-09, Method: GET, Auth: Bearer MDqDV718qo7T0..., Session: User: admin@school.com, Role: admin
[requireRole] URL: /stats?date=2026-06-09, context: true, user: true, role: admin, allowed: ["admin","guru"]
[2026-06-09T01:16:30.811Z] URL: /, Method: GET, Auth: Bearer MDqDV718qo7T0..., Session: User: admin@school.com, Role: admin
[requireRole] URL: /, context: true, user: true, role: admin, allowed: ["admin"]
[2026-06-09T01:16:32.738Z] URL: /, Method: GET, Auth: Bearer MDqDV718qo7T0..., Session: User: admin@school.com, Role: admin
[requireRole] URL: /, context: true, user: true, role: admin, allowed: ["admin"]
[2026-06-09T01:16:34.870Z] URL: /, Method: GET, Auth: Bearer MDqDV718qo7T0..., Session: User: admin@school.com, Role: admin
[requireRole] URL: /, context: true, user: true, role: admin, allowed: ["admin"]
[2026-06-09T01:16:34.888Z] URL: /, Method: GET, Auth: Bearer MDqDV718qo7T0..., Session: User: admin@school.com, Role: admin
[requireRole] URL: /, context: true, user: true, role: admin, allowed: ["admin"]
[2026-06-09T01:16:34.907Z] URL: /, Method: GET, Auth: Bearer MDqDV718qo7T0..., Session: User: admin@school.com, Role: admin
[requireRole] URL: /, context: true, user: true, role: admin, allowed: ["admin"]
[2026-06-09T01:16:37.389Z] URL: /, Method: GET, Auth: Bearer MDqDV718qo7T0..., Session: User: admin@school.com, Role: admin
[requireRole] URL: /, context: true, user: true, role: admin, allowed: ["admin"]
[2026-06-09T01:16:37.407Z] URL: /, Method: GET, Auth: Bearer MDqDV718qo7T0..., Session: User: admin@school.com, Role: admin
[requireRole] URL: /, context: true, user: true, role: admin, allowed: ["admin"]
[2026-06-09T01:16:37.425Z] URL: /, Method: GET, Auth: Bearer MDqDV718qo7T0..., Session: User: admin@school.com, Role: admin
[requireRole] URL: /, context: true, user: true, role: admin, allowed: ["admin"]
[2026-06-09T01:16:39.604Z] URL: /stats?date=2026-06-09, Method: GET, Auth: Bearer MDqDV718qo7T0..., Session: User: admin@school.com, Role: admin
[requireRole] URL: /stats?date=2026-06-09, context: true, user: true, role: admin, allowed: ["admin","guru"]
[2026-06-09T01:16:39.608Z] URL: /attendance?date=2026-06-09, Method: GET, Auth: Bearer MDqDV718qo7T0..., Session: User: admin@school.com, Role: admin
[requireRole] URL: /attendance?date=2026-06-09, context: true, user: true, role: admin, allowed: ["admin","guru"]
[2026-06-09T01:16:42.905Z] URL: /, Method: GET, Auth: Bearer MDqDV718qo7T0..., Session: User: admin@school.com, Role: admin
[requireRole] URL: /, context: true, user: true, role: admin, allowed: ["admin"]
[2026-06-09T01:17:13.758Z] URL: /, Method: GET, Auth: Bearer MDqDV718qo7T0..., Session: User: admin@school.com, Role: admin
[requireRole] URL: /, context: true, user: true, role: admin, allowed: ["admin"]
[2026-06-09T01:17:15.268Z] URL: /attendance?date=2026-06-09, Method: GET, Auth: Bearer MDqDV718qo7T0..., Session: User: admin@school.com, Role: admin
[requireRole] URL: /attendance?date=2026-06-09, context: true, user: true, role: admin, allowed: ["admin","guru"]
[2026-06-09T01:17:15.272Z] URL: /stats?date=2026-06-09, Method: GET, Auth: Bearer MDqDV718qo7T0..., Session: User: admin@school.com, Role: admin
[requireRole] URL: /stats?date=2026-06-09, context: true, user: true, role: admin, allowed: ["admin","guru"]
[2026-06-09T01:25:35.237Z] URL: /api/attendance, Method: POST, Auth: Bearer DaQ27dT8C0tG1..., Session: User: siswa@school.com, Role: siswa
[requireRole] URL: /api/attendance, context: true, user: true, role: siswa, allowed: ["siswa"]
[2026-06-09T01:31:51.869Z] URL: /api/config, Method: GET, Auth: Bearer DaQ27dT8C0tG1..., Session: User: siswa@school.com, Role: siswa
[2026-06-09T07:57:16.481Z] URL: /api/attendance, Method: POST, Auth: Bearer DaQ27dT8C0tG1..., Session: User: siswa@school.com, Role: siswa
[requireRole] URL: /api/attendance, context: true, user: true, role: siswa, allowed: ["siswa"]
[2026-06-09T07:57:21.267Z] URL: /api/attendance, Method: POST, Auth: Bearer DaQ27dT8C0tG1..., Session: User: siswa@school.com, Role: siswa
[requireRole] URL: /api/attendance, context: true, user: true, role: siswa, allowed: ["siswa"]
[2026-06-09T07:57:21.347Z] URL: /api/attendance, Method: POST, Auth: Bearer DaQ27dT8C0tG1..., Session: User: siswa@school.com, Role: siswa
[requireRole] URL: /api/attendance, context: true, user: true, role: siswa, allowed: ["siswa"]
[2026-06-09T07:58:03.535Z] URL: /stats?date=2026-06-09, Method: GET, Auth: Bearer MDqDV718qo7T0..., Session: User: admin@school.com, Role: admin
[requireRole] URL: /stats?date=2026-06-09, context: true, user: true, role: admin, allowed: ["admin","guru"]
[2026-06-09T07:58:03.541Z] URL: /attendance?date=2026-06-09, Method: GET, Auth: Bearer MDqDV718qo7T0..., Session: User: admin@school.com, Role: admin
[requireRole] URL: /attendance?date=2026-06-09, context: true, user: true, role: admin, allowed: ["admin","guru"]
[2026-06-09T07:58:03.656Z] URL: /stats?date=2026-06-09, Method: GET, Auth: Bearer MDqDV718qo7T0..., Session: User: admin@school.com, Role: admin
[requireRole] URL: /stats?date=2026-06-09, context: true, user: true, role: admin, allowed: ["admin","guru"]
[2026-06-09T07:58:03.861Z] URL: /attendance?date=2026-06-09, Method: GET, Auth: Bearer MDqDV718qo7T0..., Session: User: admin@school.com, Role: admin
[requireRole] URL: /attendance?date=2026-06-09, context: true, user: true, role: admin, allowed: ["admin","guru"]
[2026-06-09T07:58:05.788Z] URL: /, Method: GET, Auth: Bearer MDqDV718qo7T0..., Session: User: admin@school.com, Role: admin
[requireRole] URL: /, context: true, user: true, role: admin, allowed: ["admin"]
[2026-06-09T07:58:05.813Z] URL: /, Method: GET, Auth: Bearer MDqDV718qo7T0..., Session: User: admin@school.com, Role: admin
[requireRole] URL: /, context: true, user: true, role: admin, allowed: ["admin"]
[2026-06-09T07:58:05.884Z] URL: /, Method: GET, Auth: Bearer MDqDV718qo7T0..., Session: User: admin@school.com, Role: admin
[requireRole] URL: /, context: true, user: true, role: admin, allowed: ["admin"]
[2026-06-09T07:58:24.891Z] URL: /api/attendance, Method: POST, Auth: Bearer DaQ27dT8C0tG1..., Session: User: siswa@school.com, Role: siswa
[requireRole] URL: /api/attendance, context: true, user: true, role: siswa, allowed: ["siswa"]
[2026-06-09T07:58:24.975Z] URL: /api/attendance, Method: POST, Auth: Bearer DaQ27dT8C0tG1..., Session: User: siswa@school.com, Role: siswa
[requireRole] URL: /api/attendance, context: true, user: true, role: siswa, allowed: ["siswa"]
[2026-06-09T07:58:26.023Z] URL: /api/attendance, Method: POST, Auth: Bearer DaQ27dT8C0tG1..., Session: User: siswa@school.com, Role: siswa
[requireRole] URL: /api/attendance, context: true, user: true, role: siswa, allowed: ["siswa"]
[2026-06-09T07:58:26.108Z] URL: /api/attendance, Method: POST, Auth: Bearer DaQ27dT8C0tG1..., Session: User: siswa@school.com, Role: siswa
[requireRole] URL: /api/attendance, context: true, user: true, role: siswa, allowed: ["siswa"]
[2026-06-09T08:17:31.752Z] URL: /api/attendance, Method: POST, Auth: Bearer DaQ27dT8C0tG1..., Session: User: siswa@school.com, Role: siswa
[requireRole] URL: /api/attendance, context: true, user: true, role: siswa, allowed: ["siswa"]
[2026-06-09T08:17:45.208Z] URL: /stats?date=2026-06-09, Method: GET, Auth: Bearer MDqDV718qo7T0..., Session: User: admin@school.com, Role: admin
[requireRole] URL: /stats?date=2026-06-09, context: true, user: true, role: admin, allowed: ["admin","guru"]
[2026-06-09T08:17:45.251Z] URL: /attendance?date=2026-06-09, Method: GET, Auth: Bearer MDqDV718qo7T0..., Session: User: admin@school.com, Role: admin
[requireRole] URL: /attendance?date=2026-06-09, context: true, user: true, role: admin, allowed: ["admin","guru"]
[2026-06-09T08:17:45.301Z] URL: /stats?date=2026-06-09, Method: GET, Auth: Bearer MDqDV718qo7T0..., Session: User: admin@school.com, Role: admin
[requireRole] URL: /stats?date=2026-06-09, context: true, user: true, role: admin, allowed: ["admin","guru"]
[2026-06-09T08:17:45.321Z] URL: /attendance?date=2026-06-09, Method: GET, Auth: Bearer MDqDV718qo7T0..., Session: User: admin@school.com, Role: admin
[requireRole] URL: /attendance?date=2026-06-09, context: true, user: true, role: admin, allowed: ["admin","guru"]
[2026-06-09T08:17:47.321Z] URL: /, Method: GET, Auth: Bearer MDqDV718qo7T0..., Session: User: admin@school.com, Role: admin
[requireRole] URL: /, context: true, user: true, role: admin, allowed: ["admin"]
[2026-06-09T08:17:47.342Z] URL: /, Method: GET, Auth: Bearer MDqDV718qo7T0..., Session: User: admin@school.com, Role: admin
[requireRole] URL: /, context: true, user: true, role: admin, allowed: ["admin"]
[2026-06-09T08:17:47.359Z] URL: /, Method: GET, Auth: Bearer MDqDV718qo7T0..., Session: User: admin@school.com, Role: admin
[requireRole] URL: /, context: true, user: true, role: admin, allowed: ["admin"]
[2026-06-09T08:17:52.966Z] URL: /, Method: GET, Auth: Bearer MDqDV718qo7T0..., Session: User: admin@school.com, Role: admin
[requireRole] URL: /, context: true, user: true, role: admin, allowed: ["admin"]
[2026-06-09T08:17:52.983Z] URL: /, Method: GET, Auth: Bearer MDqDV718qo7T0..., Session: User: admin@school.com, Role: admin
[requireRole] URL: /, context: true, user: true, role: admin, allowed: ["admin"]
[2026-06-09T08:17:52.994Z] URL: /, Method: GET, Auth: Bearer MDqDV718qo7T0..., Session: User: admin@school.com, Role: admin
[requireRole] URL: /, context: true, user: true, role: admin, allowed: ["admin"]
[2026-06-09T08:17:53.707Z] URL: /, Method: GET, Auth: Bearer MDqDV718qo7T0..., Session: User: admin@school.com, Role: admin
[requireRole] URL: /, context: true, user: true, role: admin, allowed: ["admin"]
[2026-06-09T08:17:53.722Z] URL: /, Method: GET, Auth: Bearer MDqDV718qo7T0..., Session: User: admin@school.com, Role: admin
[requireRole] URL: /, context: true, user: true, role: admin, allowed: ["admin"]
[2026-06-09T08:17:53.736Z] URL: /, Method: GET, Auth: Bearer MDqDV718qo7T0..., Session: User: admin@school.com, Role: admin
[requireRole] URL: /, context: true, user: true, role: admin, allowed: ["admin"]
[2026-06-09T08:17:54.171Z] URL: /, Method: GET, Auth: Bearer MDqDV718qo7T0..., Session: User: admin@school.com, Role: admin
[requireRole] URL: /, context: true, user: true, role: admin, allowed: ["admin"]
[2026-06-09T08:17:54.188Z] URL: /, Method: GET, Auth: Bearer MDqDV718qo7T0..., Session: User: admin@school.com, Role: admin
[requireRole] URL: /, context: true, user: true, role: admin, allowed: ["admin"]
[2026-06-09T08:17:54.203Z] URL: /, Method: GET, Auth: Bearer MDqDV718qo7T0..., Session: User: admin@school.com, Role: admin
[requireRole] URL: /, context: true, user: true, role: admin, allowed: ["admin"]
[2026-06-09T08:17:54.363Z] URL: /, Method: GET, Auth: Bearer MDqDV718qo7T0..., Session: User: admin@school.com, Role: admin
[requireRole] URL: /, context: true, user: true, role: admin, allowed: ["admin"]
[2026-06-09T08:17:54.375Z] URL: /, Method: GET, Auth: Bearer MDqDV718qo7T0..., Session: User: admin@school.com, Role: admin
[requireRole] URL: /, context: true, user: true, role: admin, allowed: ["admin"]
[2026-06-09T08:17:54.393Z] URL: /, Method: GET, Auth: Bearer MDqDV718qo7T0..., Session: User: admin@school.com, Role: admin
[requireRole] URL: /, context: true, user: true, role: admin, allowed: ["admin"]
[2026-06-09T08:17:54.551Z] URL: /, Method: GET, Auth: Bearer MDqDV718qo7T0..., Session: User: admin@school.com, Role: admin
[requireRole] URL: /, context: true, user: true, role: admin, allowed: ["admin"]
[2026-06-09T08:17:54.571Z] URL: /, Method: GET, Auth: Bearer MDqDV718qo7T0..., Session: User: admin@school.com, Role: admin
[requireRole] URL: /, context: true, user: true, role: admin, allowed: ["admin"]
[2026-06-09T08:17:54.588Z] URL: /, Method: GET, Auth: Bearer MDqDV718qo7T0..., Session: User: admin@school.com, Role: admin
[requireRole] URL: /, context: true, user: true, role: admin, allowed: ["admin"]
[2026-06-09T08:32:17.652Z] URL: /api/attendance, Method: POST, Auth: Bearer DaQ27dT8C0tG1..., Session: User: siswa@school.com, Role: siswa
[requireRole] URL: /api/attendance, context: true, user: true, role: siswa, allowed: ["siswa"]
[2026-06-09T08:33:29.766Z] URL: /stats?date=2026-06-09, Method: GET, Auth: Bearer MDqDV718qo7T0..., Session: User: admin@school.com, Role: admin
[requireRole] URL: /stats?date=2026-06-09, context: true, user: true, role: admin, allowed: ["admin","guru"]
[2026-06-09T08:33:29.829Z] URL: /attendance?date=2026-06-09, Method: GET, Auth: Bearer MDqDV718qo7T0..., Session: User: admin@school.com, Role: admin
[requireRole] URL: /attendance?date=2026-06-09, context: true, user: true, role: admin, allowed: ["admin","guru"]
[2026-06-09T08:33:29.872Z] URL: /stats?date=2026-06-09, Method: GET, Auth: Bearer MDqDV718qo7T0..., Session: User: admin@school.com, Role: admin
[requireRole] URL: /stats?date=2026-06-09, context: true, user: true, role: admin, allowed: ["admin","guru"]
[2026-06-09T08:33:29.892Z] URL: /attendance?date=2026-06-09, Method: GET, Auth: Bearer MDqDV718qo7T0..., Session: User: admin@school.com, Role: admin
[requireRole] URL: /attendance?date=2026-06-09, context: true, user: true, role: admin, allowed: ["admin","guru"]
[2026-06-09T08:33:31.457Z] URL: /, Method: GET, Auth: Bearer MDqDV718qo7T0..., Session: User: admin@school.com, Role: admin
[requireRole] URL: /, context: true, user: true, role: admin, allowed: ["admin"]
[2026-06-09T08:33:31.477Z] URL: /, Method: GET, Auth: Bearer MDqDV718qo7T0..., Session: User: admin@school.com, Role: admin
[requireRole] URL: /, context: true, user: true, role: admin, allowed: ["admin"]
[2026-06-09T08:33:31.495Z] URL: /, Method: GET, Auth: Bearer MDqDV718qo7T0..., Session: User: admin@school.com, Role: admin
[requireRole] URL: /, context: true, user: true, role: admin, allowed: ["admin"]
[2026-06-09T09:18:36.540Z] URL: /api/attendance, Method: POST, Auth: Bearer DaQ27dT8C0tG1..., Session: User: siswa@school.com, Role: siswa
[requireRole] URL: /api/attendance, context: true, user: true, role: siswa, allowed: ["siswa"]
[2026-06-09T09:24:14.642Z] URL: /, Method: GET, Auth: Bearer MDqDV718qo7T0..., Session: User: admin@school.com, Role: admin
[requireRole] URL: /, context: true, user: true, role: admin, allowed: ["admin"]
[2026-06-09T09:24:52.384Z] URL: /api/config?device_uuid=device-uuid-9842a-2849b, Method: GET, Auth: Bearer LG3gqCSz4Y7Jm..., Session: User: bangjookey@gmail.com, Role: siswa
[2026-06-09T09:25:19.532Z] URL: /api/attendance, Method: POST, Auth: Bearer LG3gqCSz4Y7Jm..., Session: User: bangjookey@gmail.com, Role: siswa
[requireRole] URL: /api/attendance, context: true, user: true, role: siswa, allowed: ["siswa"]
[2026-06-09T09:25:25.070Z] URL: /, Method: GET, Auth: Bearer MDqDV718qo7T0..., Session: User: admin@school.com, Role: admin
[requireRole] URL: /, context: true, user: true, role: admin, allowed: ["admin"]
[2026-06-09T09:25:25.115Z] URL: /, Method: GET, Auth: Bearer MDqDV718qo7T0..., Session: User: admin@school.com, Role: admin
[requireRole] URL: /, context: true, user: true, role: admin, allowed: ["admin"]
[2026-06-09T09:25:25.135Z] URL: /, Method: GET, Auth: Bearer MDqDV718qo7T0..., Session: User: admin@school.com, Role: admin
[requireRole] URL: /, context: true, user: true, role: admin, allowed: ["admin"]
[2026-06-09T09:25:32.389Z] URL: /attendance?date=2026-06-09, Method: GET, Auth: Bearer MDqDV718qo7T0..., Session: User: admin@school.com, Role: admin
[requireRole] URL: /attendance?date=2026-06-09, context: true, user: true, role: admin, allowed: ["admin","guru"]
[2026-06-09T09:25:32.395Z] URL: /stats?date=2026-06-09, Method: GET, Auth: Bearer MDqDV718qo7T0..., Session: User: admin@school.com, Role: admin
[requireRole] URL: /stats?date=2026-06-09, context: true, user: true, role: admin, allowed: ["admin","guru"]
[2026-06-09T09:25:47.437Z] URL: /, Method: GET, Auth: Bearer MDqDV718qo7T0..., Session: User: admin@school.com, Role: admin
[requireRole] URL: /, context: true, user: true, role: admin, allowed: ["admin"]
[2026-06-09T09:25:49.366Z] URL: /, Method: GET, Auth: Bearer MDqDV718qo7T0..., Session: User: admin@school.com, Role: admin
[requireRole] URL: /, context: true, user: true, role: admin, allowed: ["admin"]
[2026-06-09T09:25:49.385Z] URL: /, Method: GET, Auth: Bearer MDqDV718qo7T0..., Session: User: admin@school.com, Role: admin
[requireRole] URL: /, context: true, user: true, role: admin, allowed: ["admin"]
[2026-06-09T09:25:49.401Z] URL: /, Method: GET, Auth: Bearer MDqDV718qo7T0..., Session: User: admin@school.com, Role: admin
[requireRole] URL: /, context: true, user: true, role: admin, allowed: ["admin"]
[2026-06-09T09:25:51.396Z] URL: /stats?date=2026-06-09, Method: GET, Auth: Bearer MDqDV718qo7T0..., Session: User: admin@school.com, Role: admin
[requireRole] URL: /stats?date=2026-06-09, context: true, user: true, role: admin, allowed: ["admin","guru"]
[2026-06-09T09:25:51.402Z] URL: /attendance?date=2026-06-09, Method: GET, Auth: Bearer MDqDV718qo7T0..., Session: User: admin@school.com, Role: admin
[requireRole] URL: /attendance?date=2026-06-09, context: true, user: true, role: admin, allowed: ["admin","guru"]
[2026-06-09T09:25:53.399Z] URL: /, Method: GET, Auth: Bearer MDqDV718qo7T0..., Session: User: admin@school.com, Role: admin
[requireRole] URL: /, context: true, user: true, role: admin, allowed: ["admin"]
[2026-06-09T09:25:53.415Z] URL: /, Method: GET, Auth: Bearer MDqDV718qo7T0..., Session: User: admin@school.com, Role: admin
[requireRole] URL: /, context: true, user: true, role: admin, allowed: ["admin"]
[2026-06-09T09:25:53.427Z] URL: /, Method: GET, Auth: Bearer MDqDV718qo7T0..., Session: User: admin@school.com, Role: admin
[requireRole] URL: /, context: true, user: true, role: admin, allowed: ["admin"]
[2026-06-09T09:27:06.345Z] URL: /api/attendance, Method: POST, Auth: Bearer LG3gqCSz4Y7Jm..., Session: User: bangjookey@gmail.com, Role: siswa
[requireRole] URL: /api/attendance, context: true, user: true, role: siswa, allowed: ["siswa"]
[2026-06-09T09:27:13.236Z] URL: /attendance?date=2026-06-09, Method: GET, Auth: Bearer MDqDV718qo7T0..., Session: User: admin@school.com, Role: admin
[requireRole] URL: /attendance?date=2026-06-09, context: true, user: true, role: admin, allowed: ["admin","guru"]
[2026-06-09T09:27:13.242Z] URL: /stats?date=2026-06-09, Method: GET, Auth: Bearer MDqDV718qo7T0..., Session: User: admin@school.com, Role: admin
[requireRole] URL: /stats?date=2026-06-09, context: true, user: true, role: admin, allowed: ["admin","guru"]
[2026-06-09T09:27:16.271Z] URL: /stats?date=2026-06-09, Method: GET, Auth: Bearer MDqDV718qo7T0..., Session: User: admin@school.com, Role: admin
[requireRole] URL: /stats?date=2026-06-09, context: true, user: true, role: admin, allowed: ["admin","guru"]
[2026-06-09T09:27:16.281Z] URL: /attendance?date=2026-06-09, Method: GET, Auth: Bearer MDqDV718qo7T0..., Session: User: admin@school.com, Role: admin
[requireRole] URL: /attendance?date=2026-06-09, context: true, user: true, role: admin, allowed: ["admin","guru"]
[2026-06-09T09:27:17.185Z] URL: /stats?date=2026-06-09, Method: GET, Auth: Bearer MDqDV718qo7T0..., Session: User: admin@school.com, Role: admin
[requireRole] URL: /stats?date=2026-06-09, context: true, user: true, role: admin, allowed: ["admin","guru"]
[2026-06-09T09:27:17.188Z] URL: /attendance?date=2026-06-09, Method: GET, Auth: Bearer MDqDV718qo7T0..., Session: User: admin@school.com, Role: admin
[requireRole] URL: /attendance?date=2026-06-09, context: true, user: true, role: admin, allowed: ["admin","guru"]
[2026-06-09T09:27:18.031Z] URL: /stats?date=2026-06-09, Method: GET, Auth: Bearer MDqDV718qo7T0..., Session: User: admin@school.com, Role: admin
[requireRole] URL: /stats?date=2026-06-09, context: true, user: true, role: admin, allowed: ["admin","guru"]
[2026-06-09T09:27:18.035Z] URL: /attendance?date=2026-06-09, Method: GET, Auth: Bearer MDqDV718qo7T0..., Session: User: admin@school.com, Role: admin
[requireRole] URL: /attendance?date=2026-06-09, context: true, user: true, role: admin, allowed: ["admin","guru"]
[2026-06-09T09:27:18.829Z] URL: /stats?date=2026-06-09, Method: GET, Auth: Bearer MDqDV718qo7T0..., Session: User: admin@school.com, Role: admin
[requireRole] URL: /stats?date=2026-06-09, context: true, user: true, role: admin, allowed: ["admin","guru"]
[2026-06-09T09:27:18.833Z] URL: /attendance?date=2026-06-09, Method: GET, Auth: Bearer MDqDV718qo7T0..., Session: User: admin@school.com, Role: admin
[requireRole] URL: /attendance?date=2026-06-09, context: true, user: true, role: admin, allowed: ["admin","guru"]
[2026-06-09T09:27:19.272Z] URL: /stats?date=2026-06-09, Method: GET, Auth: Bearer MDqDV718qo7T0..., Session: User: admin@school.com, Role: admin
[requireRole] URL: /stats?date=2026-06-09, context: true, user: true, role: admin, allowed: ["admin","guru"]
[2026-06-09T09:27:19.275Z] URL: /attendance?date=2026-06-09, Method: GET, Auth: Bearer MDqDV718qo7T0..., Session: User: admin@school.com, Role: admin
[requireRole] URL: /attendance?date=2026-06-09, context: true, user: true, role: admin, allowed: ["admin","guru"]
[2026-06-09T09:27:19.508Z] URL: /stats?date=2026-06-09, Method: GET, Auth: Bearer MDqDV718qo7T0..., Session: User: admin@school.com, Role: admin
[requireRole] URL: /stats?date=2026-06-09, context: true, user: true, role: admin, allowed: ["admin","guru"]
[2026-06-09T09:27:19.511Z] URL: /attendance?date=2026-06-09, Method: GET, Auth: Bearer MDqDV718qo7T0..., Session: User: admin@school.com, Role: admin
[requireRole] URL: /attendance?date=2026-06-09, context: true, user: true, role: admin, allowed: ["admin","guru"]
[2026-06-09T09:27:19.704Z] URL: /stats?date=2026-06-09, Method: GET, Auth: Bearer MDqDV718qo7T0..., Session: User: admin@school.com, Role: admin
[requireRole] URL: /stats?date=2026-06-09, context: true, user: true, role: admin, allowed: ["admin","guru"]
[2026-06-09T09:27:19.706Z] URL: /attendance?date=2026-06-09, Method: GET, Auth: Bearer MDqDV718qo7T0..., Session: User: admin@school.com, Role: admin
[requireRole] URL: /attendance?date=2026-06-09, context: true, user: true, role: admin, allowed: ["admin","guru"]
[2026-06-09T09:28:17.464Z] URL: /api/attendance, Method: POST, Auth: Bearer LG3gqCSz4Y7Jm..., Session: User: bangjookey@gmail.com, Role: siswa
[requireRole] URL: /api/attendance, context: true, user: true, role: siswa, allowed: ["siswa"]
[2026-06-09T09:28:54.423Z] URL: /api/attendance, Method: POST, Auth: Bearer LG3gqCSz4Y7Jm..., Session: User: bangjookey@gmail.com, Role: siswa
[requireRole] URL: /api/attendance, context: true, user: true, role: siswa, allowed: ["siswa"]
[2026-06-09T09:29:09.927Z] URL: /api/attendance, Method: POST, Auth: Bearer LG3gqCSz4Y7Jm..., Session: User: bangjookey@gmail.com, Role: siswa
[requireRole] URL: /api/attendance, context: true, user: true, role: siswa, allowed: ["siswa"]
[2026-06-09T09:30:53.790Z] URL: /api/attendance, Method: POST, Auth: Bearer LG3gqCSz4Y7Jm..., Session: User: bangjookey@gmail.com, Role: siswa
[requireRole] URL: /api/attendance, context: true, user: true, role: siswa, allowed: ["siswa"]
[2026-06-09T09:53:40.643Z] URL: /api/config?device_uuid=1e2192a2-f73c-4211-8a6c-6b347dc2fbee, Method: GET, Auth: Bearer d0PJVH2RhvhEN..., Session: User: bangjookey@gmail.com, Role: siswa
[2026-06-09T09:54:57.856Z] URL: /api/config?device_uuid=device-uuid-9842a-2849b, Method: GET, Auth: Bearer D2zhSCJLKcX93..., Session: User: bangjookey@gmail.com, Role: siswa
[2026-06-09T09:58:45.916Z] URL: /api/attendance, Method: POST, Auth: Bearer D2zhSCJLKcX93..., Session: User: bangjookey@gmail.com, Role: siswa
[requireRole] URL: /api/attendance, context: true, user: true, role: siswa, allowed: ["siswa"]
[2026-06-09T09:59:21.527Z] URL: /api/attendance, Method: POST, Auth: Bearer D2zhSCJLKcX93..., Session: User: bangjookey@gmail.com, Role: siswa
[requireRole] URL: /api/attendance, context: true, user: true, role: siswa, allowed: ["siswa"]
[2026-06-09T10:02:06.466Z] URL: /api/config?device_uuid=device-uuid-9842a-2849b, Method: GET, Auth: Bearer uC61IwzuMnBHg..., Session: User: bangjookey@gmail.com, Role: siswa
[2026-06-09T10:02:24.709Z] URL: /api/attendance, Method: POST, Auth: Bearer uC61IwzuMnBHg..., Session: User: bangjookey@gmail.com, Role: siswa
[requireRole] URL: /api/attendance, context: true, user: true, role: siswa, allowed: ["siswa"]
[2026-06-09T10:03:37.416Z] URL: /api/attendance, Method: POST, Auth: Bearer uC61IwzuMnBHg..., Session: User: bangjookey@gmail.com, Role: siswa
[requireRole] URL: /api/attendance, context: true, user: true, role: siswa, allowed: ["siswa"]
[2026-06-09T10:04:31.089Z] URL: /api/attendance, Method: POST, Auth: Bearer uC61IwzuMnBHg..., Session: User: bangjookey@gmail.com, Role: siswa
[requireRole] URL: /api/attendance, context: true, user: true, role: siswa, allowed: ["siswa"]
[2026-06-09T10:12:06.665Z] URL: /api/attendance, Method: POST, Auth: Bearer uC61IwzuMnBHg..., Session: User: bangjookey@gmail.com, Role: siswa
[requireRole] URL: /api/attendance, context: true, user: true, role: siswa, allowed: ["siswa"]
[2026-06-09T10:12:25.424Z] URL: /api/attendance, Method: POST, Auth: Bearer uC61IwzuMnBHg..., Session: User: bangjookey@gmail.com, Role: siswa
[requireRole] URL: /api/attendance, context: true, user: true, role: siswa, allowed: ["siswa"]
[2026-06-09T10:29:13.001Z] URL: /stats?date=2026-06-09, Method: GET, Auth: Bearer MDqDV718qo7T0..., Session: User: admin@school.com, Role: admin
[requireRole] URL: /stats?date=2026-06-09, context: true, user: true, role: admin, allowed: ["admin","guru"]
[2026-06-09T10:29:13.005Z] URL: /attendance?date=2026-06-09, Method: GET, Auth: Bearer MDqDV718qo7T0..., Session: User: admin@school.com, Role: admin
[requireRole] URL: /attendance?date=2026-06-09, context: true, user: true, role: admin, allowed: ["admin","guru"]
[2026-06-09T10:29:13.071Z] URL: /stats?date=2026-06-09, Method: GET, Auth: Bearer MDqDV718qo7T0..., Session: User: admin@school.com, Role: admin
[requireRole] URL: /stats?date=2026-06-09, context: true, user: true, role: admin, allowed: ["admin","guru"]
[2026-06-09T10:29:13.077Z] URL: /attendance?date=2026-06-09, Method: GET, Auth: Bearer MDqDV718qo7T0..., Session: User: admin@school.com, Role: admin
[requireRole] URL: /attendance?date=2026-06-09, context: true, user: true, role: admin, allowed: ["admin","guru"]
[2026-06-09T10:29:15.240Z] URL: /, Method: GET, Auth: Bearer MDqDV718qo7T0..., Session: User: admin@school.com, Role: admin
[requireRole] URL: /, context: true, user: true, role: admin, allowed: ["admin"]
[2026-06-09T10:29:18.433Z] URL: /, Method: GET, Auth: Bearer MDqDV718qo7T0..., Session: User: admin@school.com, Role: admin
[requireRole] URL: /, context: true, user: true, role: admin, allowed: ["admin"]
[2026-06-09T10:29:21.680Z] URL: /, Method: GET, Auth: Bearer MDqDV718qo7T0..., Session: User: admin@school.com, Role: admin
[requireRole] URL: /, context: true, user: true, role: admin, allowed: ["admin"]
[2026-06-09T10:29:21.699Z] URL: /, Method: GET, Auth: Bearer MDqDV718qo7T0..., Session: User: admin@school.com, Role: admin
[requireRole] URL: /, context: true, user: true, role: admin, allowed: ["admin"]
[2026-06-09T10:29:21.716Z] URL: /, Method: GET, Auth: Bearer MDqDV718qo7T0..., Session: User: admin@school.com, Role: admin
[requireRole] URL: /, context: true, user: true, role: admin, allowed: ["admin"]
[2026-06-09T10:29:23.752Z] URL: /, Method: GET, Auth: Bearer MDqDV718qo7T0..., Session: User: admin@school.com, Role: admin
[requireRole] URL: /, context: true, user: true, role: admin, allowed: ["admin"]
[2026-06-09T10:29:23.767Z] URL: /, Method: GET, Auth: Bearer MDqDV718qo7T0..., Session: User: admin@school.com, Role: admin
[requireRole] URL: /, context: true, user: true, role: admin, allowed: ["admin"]
[2026-06-09T10:29:23.785Z] URL: /, Method: GET, Auth: Bearer MDqDV718qo7T0..., Session: User: admin@school.com, Role: admin
[requireRole] URL: /, context: true, user: true, role: admin, allowed: ["admin"]
[2026-06-09T10:29:42.105Z] URL: /, Method: GET, Auth: Bearer MDqDV718qo7T0..., Session: User: admin@school.com, Role: admin
[requireRole] URL: /, context: true, user: true, role: admin, allowed: ["admin"]
[2026-06-09T10:29:42.779Z] URL: /, Method: GET, Auth: Bearer MDqDV718qo7T0..., Session: User: admin@school.com, Role: admin
[requireRole] URL: /, context: true, user: true, role: admin, allowed: ["admin"]
[2026-06-09T10:29:44.167Z] URL: /, Method: GET, Auth: Bearer MDqDV718qo7T0..., Session: User: admin@school.com, Role: admin
[requireRole] URL: /, context: true, user: true, role: admin, allowed: ["admin"]
[2026-06-09T10:29:44.183Z] URL: /, Method: GET, Auth: Bearer MDqDV718qo7T0..., Session: User: admin@school.com, Role: admin
[requireRole] URL: /, context: true, user: true, role: admin, allowed: ["admin"]
[2026-06-09T10:29:44.197Z] URL: /, Method: GET, Auth: Bearer MDqDV718qo7T0..., Session: User: admin@school.com, Role: admin
[requireRole] URL: /, context: true, user: true, role: admin, allowed: ["admin"]
[2026-06-09T10:29:46.058Z] URL: /, Method: GET, Auth: Bearer MDqDV718qo7T0..., Session: User: admin@school.com, Role: admin
[requireRole] URL: /, context: true, user: true, role: admin, allowed: ["admin"]
[2026-06-09T10:29:46.083Z] URL: /, Method: GET, Auth: Bearer MDqDV718qo7T0..., Session: User: admin@school.com, Role: admin
[requireRole] URL: /, context: true, user: true, role: admin, allowed: ["admin"]
[2026-06-09T10:29:46.103Z] URL: /, Method: GET, Auth: Bearer MDqDV718qo7T0..., Session: User: admin@school.com, Role: admin
[requireRole] URL: /, context: true, user: true, role: admin, allowed: ["admin"]
[2026-06-09T10:29:48.395Z] URL: /, Method: GET, Auth: Bearer MDqDV718qo7T0..., Session: User: admin@school.com, Role: admin
[requireRole] URL: /, context: true, user: true, role: admin, allowed: ["admin"]
[2026-06-09T10:29:48.421Z] URL: /, Method: GET, Auth: Bearer MDqDV718qo7T0..., Session: User: admin@school.com, Role: admin
[requireRole] URL: /, context: true, user: true, role: admin, allowed: ["admin"]
[2026-06-09T10:29:48.441Z] URL: /, Method: GET, Auth: Bearer MDqDV718qo7T0..., Session: User: admin@school.com, Role: admin
[requireRole] URL: /, context: true, user: true, role: admin, allowed: ["admin"]
[2026-06-09T10:29:49.971Z] URL: /, Method: GET, Auth: Bearer MDqDV718qo7T0..., Session: User: admin@school.com, Role: admin
[requireRole] URL: /, context: true, user: true, role: admin, allowed: ["admin"]
[2026-06-09T10:29:50.442Z] URL: /stats?date=2026-06-09, Method: GET, Auth: Bearer MDqDV718qo7T0..., Session: User: admin@school.com, Role: admin
[requireRole] URL: /stats?date=2026-06-09, context: true, user: true, role: admin, allowed: ["admin","guru"]
[2026-06-09T10:29:50.446Z] URL: /attendance?date=2026-06-09, Method: GET, Auth: Bearer MDqDV718qo7T0..., Session: User: admin@school.com, Role: admin
[requireRole] URL: /attendance?date=2026-06-09, context: true, user: true, role: admin, allowed: ["admin","guru"]
[2026-06-09T10:29:51.960Z] URL: /attendance?date=2026-06-09, Method: GET, Auth: Bearer MDqDV718qo7T0..., Session: User: admin@school.com, Role: admin
[requireRole] URL: /attendance?date=2026-06-09, context: true, user: true, role: admin, allowed: ["admin","guru"]
[2026-06-09T10:29:51.966Z] URL: /stats?date=2026-06-09, Method: GET, Auth: Bearer MDqDV718qo7T0..., Session: User: admin@school.com, Role: admin
[requireRole] URL: /stats?date=2026-06-09, context: true, user: true, role: admin, allowed: ["admin","guru"]
[2026-06-09T10:31:51.053Z] URL: /api/attendance, Method: POST, Auth: Bearer uC61IwzuMnBHg..., Session: User: bangjookey@gmail.com, Role: siswa
[requireRole] URL: /api/attendance, context: true, user: true, role: siswa, allowed: ["siswa"]
[2026-06-09T10:32:00.606Z] URL: /api/attendance, Method: POST, Auth: Bearer uC61IwzuMnBHg..., Session: User: bangjookey@gmail.com, Role: siswa
[requireRole] URL: /api/attendance, context: true, user: true, role: siswa, allowed: ["siswa"]
[2026-06-09T10:32:00.803Z] URL: /api/attendance, Method: POST, Auth: Bearer uC61IwzuMnBHg..., Session: User: bangjookey@gmail.com, Role: siswa
[requireRole] URL: /api/attendance, context: true, user: true, role: siswa, allowed: ["siswa"]
[2026-06-09T10:32:02.258Z] URL: /api/attendance, Method: POST, Auth: Bearer uC61IwzuMnBHg..., Session: User: bangjookey@gmail.com, Role: siswa
[requireRole] URL: /api/attendance, context: true, user: true, role: siswa, allowed: ["siswa"]
[2026-06-09T10:32:02.400Z] URL: /api/attendance, Method: POST, Auth: Bearer uC61IwzuMnBHg..., Session: User: bangjookey@gmail.com, Role: siswa
[requireRole] URL: /api/attendance, context: true, user: true, role: siswa, allowed: ["siswa"]
[2026-06-09T10:32:03.292Z] URL: /api/attendance, Method: POST, Auth: Bearer uC61IwzuMnBHg..., Session: User: bangjookey@gmail.com, Role: siswa
[requireRole] URL: /api/attendance, context: true, user: true, role: siswa, allowed: ["siswa"]
[2026-06-09T10:32:03.813Z] URL: /api/attendance, Method: POST, Auth: Bearer uC61IwzuMnBHg..., Session: User: bangjookey@gmail.com, Role: siswa
[requireRole] URL: /api/attendance, context: true, user: true, role: siswa, allowed: ["siswa"]
[2026-06-09T10:32:04.726Z] URL: /api/attendance, Method: POST, Auth: Bearer uC61IwzuMnBHg..., Session: User: bangjookey@gmail.com, Role: siswa
[requireRole] URL: /api/attendance, context: true, user: true, role: siswa, allowed: ["siswa"]
[2026-06-09T10:32:04.885Z] URL: /api/attendance, Method: POST, Auth: Bearer uC61IwzuMnBHg..., Session: User: bangjookey@gmail.com, Role: siswa
[requireRole] URL: /api/attendance, context: true, user: true, role: siswa, allowed: ["siswa"]
[2026-06-09T10:32:05.289Z] URL: /api/attendance, Method: POST, Auth: Bearer uC61IwzuMnBHg..., Session: User: bangjookey@gmail.com, Role: siswa
[requireRole] URL: /api/attendance, context: true, user: true, role: siswa, allowed: ["siswa"]
[2026-06-09T10:32:05.367Z] URL: /api/attendance, Method: POST, Auth: Bearer uC61IwzuMnBHg..., Session: User: bangjookey@gmail.com, Role: siswa
[requireRole] URL: /api/attendance, context: true, user: true, role: siswa, allowed: ["siswa"]
[2026-06-09T10:32:05.820Z] URL: /api/attendance, Method: POST, Auth: Bearer uC61IwzuMnBHg..., Session: User: bangjookey@gmail.com, Role: siswa
[requireRole] URL: /api/attendance, context: true, user: true, role: siswa, allowed: ["siswa"]
[2026-06-09T10:32:05.884Z] URL: /api/attendance, Method: POST, Auth: Bearer uC61IwzuMnBHg..., Session: User: bangjookey@gmail.com, Role: siswa
[requireRole] URL: /api/attendance, context: true, user: true, role: siswa, allowed: ["siswa"]
[2026-06-09T10:32:06.127Z] URL: /api/attendance, Method: POST, Auth: Bearer uC61IwzuMnBHg..., Session: User: bangjookey@gmail.com, Role: siswa
[requireRole] URL: /api/attendance, context: true, user: true, role: siswa, allowed: ["siswa"]
[2026-06-09T10:32:06.191Z] URL: /api/attendance, Method: POST, Auth: Bearer uC61IwzuMnBHg..., Session: User: bangjookey@gmail.com, Role: siswa
[requireRole] URL: /api/attendance, context: true, user: true, role: siswa, allowed: ["siswa"]
[2026-06-09T10:32:06.434Z] URL: /api/attendance, Method: POST, Auth: Bearer uC61IwzuMnBHg..., Session: User: bangjookey@gmail.com, Role: siswa
[requireRole] URL: /api/attendance, context: true, user: true, role: siswa, allowed: ["siswa"]
[2026-06-09T10:32:06.505Z] URL: /api/attendance, Method: POST, Auth: Bearer uC61IwzuMnBHg..., Session: User: bangjookey@gmail.com, Role: siswa
[requireRole] URL: /api/attendance, context: true, user: true, role: siswa, allowed: ["siswa"]
[2026-06-09T10:32:06.779Z] URL: /api/attendance, Method: POST, Auth: Bearer uC61IwzuMnBHg..., Session: User: bangjookey@gmail.com, Role: siswa
[requireRole] URL: /api/attendance, context: true, user: true, role: siswa, allowed: ["siswa"]
[2026-06-09T10:32:06.847Z] URL: /api/attendance, Method: POST, Auth: Bearer uC61IwzuMnBHg..., Session: User: bangjookey@gmail.com, Role: siswa
[requireRole] URL: /api/attendance, context: true, user: true, role: siswa, allowed: ["siswa"]
[2026-06-09T10:32:07.279Z] URL: /api/attendance, Method: POST, Auth: Bearer uC61IwzuMnBHg..., Session: User: bangjookey@gmail.com, Role: siswa
[requireRole] URL: /api/attendance, context: true, user: true, role: siswa, allowed: ["siswa"]
[2026-06-09T10:32:07.359Z] URL: /api/attendance, Method: POST, Auth: Bearer uC61IwzuMnBHg..., Session: User: bangjookey@gmail.com, Role: siswa
[requireRole] URL: /api/attendance, context: true, user: true, role: siswa, allowed: ["siswa"]
[2026-06-09T11:20:11.284Z] URL: /, Method: GET, Auth: Bearer MDqDV718qo7T0..., Session: User: admin@school.com, Role: admin
[requireRole] URL: /, context: true, user: true, role: admin, allowed: ["admin"]
[2026-06-09T11:20:21.714Z] URL: /, Method: GET, Auth: Bearer MDqDV718qo7T0..., Session: User: admin@school.com, Role: admin
[requireRole] URL: /, context: true, user: true, role: admin, allowed: ["admin"]
[2026-06-09T11:20:21.752Z] URL: /, Method: GET, Auth: Bearer MDqDV718qo7T0..., Session: User: admin@school.com, Role: admin
[requireRole] URL: /, context: true, user: true, role: admin, allowed: ["admin"]
[2026-06-09T11:20:21.770Z] URL: /, Method: GET, Auth: Bearer MDqDV718qo7T0..., Session: User: admin@school.com, Role: admin
[requireRole] URL: /, context: true, user: true, role: admin, allowed: ["admin"]
[2026-06-09T11:20:23.234Z] URL: /, Method: GET, Auth: Bearer MDqDV718qo7T0..., Session: User: admin@school.com, Role: admin
[requireRole] URL: /, context: true, user: true, role: admin, allowed: ["admin"]
[2026-06-09T11:21:06.710Z] URL: /, Method: POST, Auth: Bearer MDqDV718qo7T0..., Session: User: admin@school.com, Role: admin
[requireRole] URL: /, context: true, user: true, role: admin, allowed: ["admin"]
[2026-06-09T11:21:07.034Z] URL: /, Method: GET, Auth: Bearer MDqDV718qo7T0..., Session: User: admin@school.com, Role: admin
[requireRole] URL: /, context: true, user: true, role: admin, allowed: ["admin"]
[2026-06-09T11:21:52.583Z] URL: /api/config?device_uuid=device-uuid-9842a-2849b, Method: GET, Auth: Bearer 1as9uYRsGubiM..., Session: User: bangjookey@gmail.com, Role: siswa
[2026-06-09T11:23:03.853Z] URL: /api/attendance, Method: POST, Auth: Bearer 1as9uYRsGubiM..., Session: User: bangjookey@gmail.com, Role: siswa
[requireRole] URL: /api/attendance, context: true, user: true, role: siswa, allowed: ["siswa"]
[2026-06-09T11:25:14.213Z] URL: /api/attendance/qr, Method: POST, Auth: Bearer DmNpcExEISuwY..., Session: User: guru@gmail.com, Role: guru
[requireRole] URL: /api/attendance/qr, context: true, user: true, role: guru, allowed: ["guru"]
[2026-06-09T11:26:11.508Z] URL: /api/attendance/qr, Method: POST, Auth: Bearer OF28thrtzpCNv..., Session: User: guru@gmail.com, Role: guru
[requireRole] URL: /api/attendance/qr, context: true, user: true, role: guru, allowed: ["guru"]
[2026-06-09T11:26:11.853Z] URL: /api/attendance/qr, Method: POST, Auth: Bearer OF28thrtzpCNv..., Session: User: guru@gmail.com, Role: guru
[requireRole] URL: /api/attendance/qr, context: true, user: true, role: guru, allowed: ["guru"]
[2026-06-09T11:26:11.905Z] URL: /api/attendance/qr, Method: POST, Auth: Bearer OF28thrtzpCNv..., Session: User: guru@gmail.com, Role: guru
[requireRole] URL: /api/attendance/qr, context: true, user: true, role: guru, allowed: ["guru"]
[2026-06-09T11:26:12.069Z] URL: /api/attendance/qr, Method: POST, Auth: Bearer OF28thrtzpCNv..., Session: User: guru@gmail.com, Role: guru
[requireRole] URL: /api/attendance/qr, context: true, user: true, role: guru, allowed: ["guru"]
[2026-06-09T11:26:12.188Z] URL: /api/attendance/qr, Method: POST, Auth: Bearer OF28thrtzpCNv..., Session: User: guru@gmail.com, Role: guru
[requireRole] URL: /api/attendance/qr, context: true, user: true, role: guru, allowed: ["guru"]
[2026-06-09T11:26:12.285Z] URL: /api/attendance/qr, Method: POST, Auth: Bearer OF28thrtzpCNv..., Session: User: guru@gmail.com, Role: guru
[requireRole] URL: /api/attendance/qr, context: true, user: true, role: guru, allowed: ["guru"]
[2026-06-09T11:26:12.452Z] URL: /api/attendance/qr, Method: POST, Auth: Bearer OF28thrtzpCNv..., Session: User: guru@gmail.com, Role: guru
[requireRole] URL: /api/attendance/qr, context: true, user: true, role: guru, allowed: ["guru"]
[2026-06-09T11:26:12.605Z] URL: /api/attendance/qr, Method: POST, Auth: Bearer OF28thrtzpCNv..., Session: User: guru@gmail.com, Role: guru
[requireRole] URL: /api/attendance/qr, context: true, user: true, role: guru, allowed: ["guru"]
[2026-06-09T11:26:12.755Z] URL: /api/attendance/qr, Method: POST, Auth: Bearer OF28thrtzpCNv..., Session: User: guru@gmail.com, Role: guru
[requireRole] URL: /api/attendance/qr, context: true, user: true, role: guru, allowed: ["guru"]
[2026-06-09T11:26:12.834Z] URL: /api/attendance/qr, Method: POST, Auth: Bearer OF28thrtzpCNv..., Session: User: guru@gmail.com, Role: guru
[requireRole] URL: /api/attendance/qr, context: true, user: true, role: guru, allowed: ["guru"]
[2026-06-09T11:26:13.003Z] URL: /api/attendance/qr, Method: POST, Auth: Bearer OF28thrtzpCNv..., Session: User: guru@gmail.com, Role: guru
[requireRole] URL: /api/attendance/qr, context: true, user: true, role: guru, allowed: ["guru"]
[2026-06-09T11:26:19.630Z] URL: /api/attendance/qr, Method: POST, Auth: Bearer OF28thrtzpCNv..., Session: User: guru@gmail.com, Role: guru
[requireRole] URL: /api/attendance/qr, context: true, user: true, role: guru, allowed: ["guru"]
[2026-06-09T11:26:40.183Z] URL: /, Method: GET, Auth: Bearer MDqDV718qo7T0..., Session: User: admin@school.com, Role: admin
[requireRole] URL: /, context: true, user: true, role: admin, allowed: ["admin"]
[2026-06-09T11:26:40.199Z] URL: /, Method: GET, Auth: Bearer MDqDV718qo7T0..., Session: User: admin@school.com, Role: admin
[requireRole] URL: /, context: true, user: true, role: admin, allowed: ["admin"]
[2026-06-09T11:26:40.213Z] URL: /, Method: GET, Auth: Bearer MDqDV718qo7T0..., Session: User: admin@school.com, Role: admin
[requireRole] URL: /, context: true, user: true, role: admin, allowed: ["admin"]
[2026-06-09T11:26:55.411Z] URL: /, Method: GET, Auth: Bearer MDqDV718qo7T0..., Session: User: admin@school.com, Role: admin
[requireRole] URL: /, context: true, user: true, role: admin, allowed: ["admin"]
[2026-06-09T11:27:12.923Z] URL: /, Method: POST, Auth: Bearer MDqDV718qo7T0..., Session: User: admin@school.com, Role: admin
[requireRole] URL: /, context: true, user: true, role: admin, allowed: ["admin"]
[2026-06-09T11:27:13.198Z] URL: /, Method: GET, Auth: Bearer MDqDV718qo7T0..., Session: User: admin@school.com, Role: admin
[requireRole] URL: /, context: true, user: true, role: admin, allowed: ["admin"]
[2026-06-09T11:27:15.317Z] URL: /, Method: GET, Auth: Bearer MDqDV718qo7T0..., Session: User: admin@school.com, Role: admin
[requireRole] URL: /, context: true, user: true, role: admin, allowed: ["admin"]
[2026-06-09T11:27:15.336Z] URL: /, Method: GET, Auth: Bearer MDqDV718qo7T0..., Session: User: admin@school.com, Role: admin
[requireRole] URL: /, context: true, user: true, role: admin, allowed: ["admin"]
[2026-06-09T11:27:15.355Z] URL: /, Method: GET, Auth: Bearer MDqDV718qo7T0..., Session: User: admin@school.com, Role: admin
[requireRole] URL: /, context: true, user: true, role: admin, allowed: ["admin"]
[2026-06-09T11:27:27.786Z] URL: /, Method: POST, Auth: Bearer MDqDV718qo7T0..., Session: User: admin@school.com, Role: admin
[requireRole] URL: /, context: true, user: true, role: admin, allowed: ["admin"]
[2026-06-09T11:27:27.894Z] URL: /, Method: GET, Auth: Bearer MDqDV718qo7T0..., Session: User: admin@school.com, Role: admin
[requireRole] URL: /, context: true, user: true, role: admin, allowed: ["admin"]
[2026-06-09T11:27:27.911Z] URL: /, Method: GET, Auth: Bearer MDqDV718qo7T0..., Session: User: admin@school.com, Role: admin
[requireRole] URL: /, context: true, user: true, role: admin, allowed: ["admin"]
[2026-06-09T11:27:27.926Z] URL: /, Method: GET, Auth: Bearer MDqDV718qo7T0..., Session: User: admin@school.com, Role: admin
[requireRole] URL: /, context: true, user: true, role: admin, allowed: ["admin"]
[2026-06-09T11:27:35.905Z] URL: /stats?date=2026-06-09, Method: GET, Auth: Bearer MDqDV718qo7T0..., Session: User: admin@school.com, Role: admin
[requireRole] URL: /stats?date=2026-06-09, context: true, user: true, role: admin, allowed: ["admin","guru"]
[2026-06-09T11:27:35.925Z] URL: /attendance?date=2026-06-09, Method: GET, Auth: Bearer MDqDV718qo7T0..., Session: User: admin@school.com, Role: admin
[requireRole] URL: /attendance?date=2026-06-09, context: true, user: true, role: admin, allowed: ["admin","guru"]
[2026-06-09T11:28:28.382Z] URL: /api/attendance/qr, Method: POST, Auth: Bearer OF28thrtzpCNv..., Session: User: guru@gmail.com, Role: guru
[requireRole] URL: /api/attendance/qr, context: true, user: true, role: guru, allowed: ["guru"]
[2026-06-09T11:28:28.434Z] URL: /api/attendance/qr, Method: POST, Auth: Bearer OF28thrtzpCNv..., Session: User: guru@gmail.com, Role: guru
[requireRole] URL: /api/attendance/qr, context: true, user: true, role: guru, allowed: ["guru"]
[2026-06-09T11:28:28.611Z] URL: /api/attendance/qr, Method: POST, Auth: Bearer OF28thrtzpCNv..., Session: User: guru@gmail.com, Role: guru
[requireRole] URL: /api/attendance/qr, context: true, user: true, role: guru, allowed: ["guru"]
[2026-06-09T11:28:28.732Z] URL: /api/attendance/qr, Method: POST, Auth: Bearer OF28thrtzpCNv..., Session: User: guru@gmail.com, Role: guru
[requireRole] URL: /api/attendance/qr, context: true, user: true, role: guru, allowed: ["guru"]
[2026-06-09T11:28:28.812Z] URL: /api/attendance/qr, Method: POST, Auth: Bearer OF28thrtzpCNv..., Session: User: guru@gmail.com, Role: guru
[requireRole] URL: /api/attendance/qr, context: true, user: true, role: guru, allowed: ["guru"]
[2026-06-09T11:28:29.071Z] URL: /api/attendance/qr, Method: POST, Auth: Bearer OF28thrtzpCNv..., Session: User: guru@gmail.com, Role: guru
[requireRole] URL: /api/attendance/qr, context: true, user: true, role: guru, allowed: ["guru"]
[2026-06-09T11:28:29.133Z] URL: /api/attendance/qr, Method: POST, Auth: Bearer OF28thrtzpCNv..., Session: User: guru@gmail.com, Role: guru
[requireRole] URL: /api/attendance/qr, context: true, user: true, role: guru, allowed: ["guru"]
[2026-06-09T11:28:29.222Z] URL: /api/attendance/qr, Method: POST, Auth: Bearer OF28thrtzpCNv..., Session: User: guru@gmail.com, Role: guru
[requireRole] URL: /api/attendance/qr, context: true, user: true, role: guru, allowed: ["guru"]
[2026-06-09T11:28:29.309Z] URL: /api/attendance/qr, Method: POST, Auth: Bearer OF28thrtzpCNv..., Session: User: guru@gmail.com, Role: guru
[requireRole] URL: /api/attendance/qr, context: true, user: true, role: guru, allowed: ["guru"]
[2026-06-09T11:28:51.804Z] URL: /api/attendance/qr, Method: POST, Auth: Bearer OF28thrtzpCNv..., Session: User: guru@gmail.com, Role: guru
[requireRole] URL: /api/attendance/qr, context: true, user: true, role: guru, allowed: ["guru"]
[2026-06-09T11:28:51.843Z] URL: /api/attendance/qr, Method: POST, Auth: Bearer OF28thrtzpCNv..., Session: User: guru@gmail.com, Role: guru
[requireRole] URL: /api/attendance/qr, context: true, user: true, role: guru, allowed: ["guru"]
[2026-06-09T11:28:52.023Z] URL: /api/attendance/qr, Method: POST, Auth: Bearer OF28thrtzpCNv..., Session: User: guru@gmail.com, Role: guru
[requireRole] URL: /api/attendance/qr, context: true, user: true, role: guru, allowed: ["guru"]
[2026-06-09T11:28:52.137Z] URL: /api/attendance/qr, Method: POST, Auth: Bearer OF28thrtzpCNv..., Session: User: guru@gmail.com, Role: guru
[requireRole] URL: /api/attendance/qr, context: true, user: true, role: guru, allowed: ["guru"]
[2026-06-09T11:28:52.189Z] URL: /api/attendance/qr, Method: POST, Auth: Bearer OF28thrtzpCNv..., Session: User: guru@gmail.com, Role: guru
[requireRole] URL: /api/attendance/qr, context: true, user: true, role: guru, allowed: ["guru"]
[2026-06-09T11:28:52.251Z] URL: /api/attendance/qr, Method: POST, Auth: Bearer OF28thrtzpCNv..., Session: User: guru@gmail.com, Role: guru
[requireRole] URL: /api/attendance/qr, context: true, user: true, role: guru, allowed: ["guru"]
[2026-06-09T11:28:52.299Z] URL: /api/attendance/qr, Method: POST, Auth: Bearer OF28thrtzpCNv..., Session: User: guru@gmail.com, Role: guru
[requireRole] URL: /api/attendance/qr, context: true, user: true, role: guru, allowed: ["guru"]
[2026-06-09T11:28:52.368Z] URL: /api/attendance/qr, Method: POST, Auth: Bearer OF28thrtzpCNv..., Session: User: guru@gmail.com, Role: guru
[requireRole] URL: /api/attendance/qr, context: true, user: true, role: guru, allowed: ["guru"]
[2026-06-09T11:28:52.448Z] URL: /api/attendance/qr, Method: POST, Auth: Bearer OF28thrtzpCNv..., Session: User: guru@gmail.com, Role: guru
[requireRole] URL: /api/attendance/qr, context: true, user: true, role: guru, allowed: ["guru"]
[2026-06-09T11:28:52.478Z] URL: /api/attendance/qr, Method: POST, Auth: Bearer OF28thrtzpCNv..., Session: User: guru@gmail.com, Role: guru
[requireRole] URL: /api/attendance/qr, context: true, user: true, role: guru, allowed: ["guru"]
[2026-06-09T11:28:52.543Z] URL: /api/attendance/qr, Method: POST, Auth: Bearer OF28thrtzpCNv..., Session: User: guru@gmail.com, Role: guru
[requireRole] URL: /api/attendance/qr, context: true, user: true, role: guru, allowed: ["guru"]
[2026-06-09T11:28:52.600Z] URL: /api/attendance/qr, Method: POST, Auth: Bearer OF28thrtzpCNv..., Session: User: guru@gmail.com, Role: guru
[requireRole] URL: /api/attendance/qr, context: true, user: true, role: guru, allowed: ["guru"]
[2026-06-09T11:28:52.637Z] URL: /api/attendance/qr, Method: POST, Auth: Bearer OF28thrtzpCNv..., Session: User: guru@gmail.com, Role: guru
[requireRole] URL: /api/attendance/qr, context: true, user: true, role: guru, allowed: ["guru"]
[2026-06-09T11:28:52.664Z] URL: /api/attendance/qr, Method: POST, Auth: Bearer OF28thrtzpCNv..., Session: User: guru@gmail.com, Role: guru
[requireRole] URL: /api/attendance/qr, context: true, user: true, role: guru, allowed: ["guru"]
[2026-06-09T11:28:52.711Z] URL: /api/attendance/qr, Method: POST, Auth: Bearer OF28thrtzpCNv..., Session: User: guru@gmail.com, Role: guru
[requireRole] URL: /api/attendance/qr, context: true, user: true, role: guru, allowed: ["guru"]
[2026-06-09T11:28:52.779Z] URL: /api/attendance/qr, Method: POST, Auth: Bearer OF28thrtzpCNv..., Session: User: guru@gmail.com, Role: guru
[requireRole] URL: /api/attendance/qr, context: true, user: true, role: guru, allowed: ["guru"]
[2026-06-09T11:28:52.826Z] URL: /api/attendance/qr, Method: POST, Auth: Bearer OF28thrtzpCNv..., Session: User: guru@gmail.com, Role: guru
[requireRole] URL: /api/attendance/qr, context: true, user: true, role: guru, allowed: ["guru"]
[2026-06-09T11:28:52.857Z] URL: /api/attendance/qr, Method: POST, Auth: Bearer OF28thrtzpCNv..., Session: User: guru@gmail.com, Role: guru
[requireRole] URL: /api/attendance/qr, context: true, user: true, role: guru, allowed: ["guru"]
[2026-06-09T11:28:52.926Z] URL: /api/attendance/qr, Method: POST, Auth: Bearer OF28thrtzpCNv..., Session: User: guru@gmail.com, Role: guru
[requireRole] URL: /api/attendance/qr, context: true, user: true, role: guru, allowed: ["guru"]
[2026-06-09T11:28:52.974Z] URL: /api/attendance/qr, Method: POST, Auth: Bearer OF28thrtzpCNv..., Session: User: guru@gmail.com, Role: guru
[requireRole] URL: /api/attendance/qr, context: true, user: true, role: guru, allowed: ["guru"]
[2026-06-09T11:28:53.059Z] URL: /api/attendance/qr, Method: POST, Auth: Bearer OF28thrtzpCNv..., Session: User: guru@gmail.com, Role: guru
[requireRole] URL: /api/attendance/qr, context: true, user: true, role: guru, allowed: ["guru"]
[2026-06-09T11:28:53.133Z] URL: /api/attendance/qr, Method: POST, Auth: Bearer OF28thrtzpCNv..., Session: User: guru@gmail.com, Role: guru
[requireRole] URL: /api/attendance/qr, context: true, user: true, role: guru, allowed: ["guru"]
[2026-06-09T11:28:53.200Z] URL: /api/attendance/qr, Method: POST, Auth: Bearer OF28thrtzpCNv..., Session: User: guru@gmail.com, Role: guru
[requireRole] URL: /api/attendance/qr, context: true, user: true, role: guru, allowed: ["guru"]
[2026-06-09T11:32:07.347Z] URL: /api/attendance/qr, Method: POST, Auth: Bearer OF28thrtzpCNv..., Session: User: guru@gmail.com, Role: guru
[requireRole] URL: /api/attendance/qr, context: true, user: true, role: guru, allowed: ["guru"]
[2026-06-09T11:32:07.775Z] URL: /api/attendance/qr, Method: POST, Auth: Bearer OF28thrtzpCNv..., Session: User: guru@gmail.com, Role: guru
[requireRole] URL: /api/attendance/qr, context: true, user: true, role: guru, allowed: ["guru"]
[2026-06-09T11:32:07.811Z] URL: /api/attendance/qr, Method: POST, Auth: Bearer OF28thrtzpCNv..., Session: User: guru@gmail.com, Role: guru
[requireRole] URL: /api/attendance/qr, context: true, user: true, role: guru, allowed: ["guru"]
[2026-06-09T11:32:07.852Z] URL: /api/attendance/qr, Method: POST, Auth: Bearer OF28thrtzpCNv..., Session: User: guru@gmail.com, Role: guru
[requireRole] URL: /api/attendance/qr, context: true, user: true, role: guru, allowed: ["guru"]
[2026-06-09T11:32:08.035Z] URL: /api/attendance/qr, Method: POST, Auth: Bearer OF28thrtzpCNv..., Session: User: guru@gmail.com, Role: guru
[requireRole] URL: /api/attendance/qr, context: true, user: true, role: guru, allowed: ["guru"]
[2026-06-09T11:32:08.095Z] URL: /api/attendance/qr, Method: POST, Auth: Bearer OF28thrtzpCNv..., Session: User: guru@gmail.com, Role: guru
[requireRole] URL: /api/attendance/qr, context: true, user: true, role: guru, allowed: ["guru"]
[2026-06-09T11:32:08.159Z] URL: /api/attendance/qr, Method: POST, Auth: Bearer OF28thrtzpCNv..., Session: User: guru@gmail.com, Role: guru
[requireRole] URL: /api/attendance/qr, context: true, user: true, role: guru, allowed: ["guru"]
[2026-06-09T11:32:08.226Z] URL: /api/attendance/qr, Method: POST, Auth: Bearer OF28thrtzpCNv..., Session: User: guru@gmail.com, Role: guru
[requireRole] URL: /api/attendance/qr, context: true, user: true, role: guru, allowed: ["guru"]
[2026-06-09T11:49:53.625Z] URL: /api/attendance/qr, Method: POST, Auth: Bearer OF28thrtzpCNv..., Session: User: guru@gmail.com, Role: guru
[requireRole] URL: /api/attendance/qr, context: true, user: true, role: guru, allowed: ["guru"]
[2026-06-09T11:49:53.633Z] URL: /api/attendance/qr, Method: POST, Auth: Bearer OF28thrtzpCNv..., Session: User: guru@gmail.com, Role: guru
[requireRole] URL: /api/attendance/qr, context: true, user: true, role: guru, allowed: ["guru"]
[2026-06-09T11:49:53.892Z] URL: /api/attendance/qr, Method: POST, Auth: Bearer OF28thrtzpCNv..., Session: User: guru@gmail.com, Role: guru
[requireRole] URL: /api/attendance/qr, context: true, user: true, role: guru, allowed: ["guru"]
[2026-06-09T11:49:54.162Z] URL: /api/attendance/qr, Method: POST, Auth: Bearer OF28thrtzpCNv..., Session: User: guru@gmail.com, Role: guru
[requireRole] URL: /api/attendance/qr, context: true, user: true, role: guru, allowed: ["guru"]
[2026-06-09T11:49:54.430Z] URL: /api/attendance/qr, Method: POST, Auth: Bearer OF28thrtzpCNv..., Session: User: guru@gmail.com, Role: guru
[requireRole] URL: /api/attendance/qr, context: true, user: true, role: guru, allowed: ["guru"]
[2026-06-09T11:49:54.582Z] URL: /api/attendance/qr, Method: POST, Auth: Bearer OF28thrtzpCNv..., Session: User: guru@gmail.com, Role: guru
[requireRole] URL: /api/attendance/qr, context: true, user: true, role: guru, allowed: ["guru"]
[2026-06-09T11:49:54.751Z] URL: /api/attendance/qr, Method: POST, Auth: Bearer OF28thrtzpCNv..., Session: User: guru@gmail.com, Role: guru
[requireRole] URL: /api/attendance/qr, context: true, user: true, role: guru, allowed: ["guru"]
[2026-06-09T11:49:55.213Z] URL: /api/attendance/qr, Method: POST, Auth: Bearer OF28thrtzpCNv..., Session: User: guru@gmail.com, Role: guru
[requireRole] URL: /api/attendance/qr, context: true, user: true, role: guru, allowed: ["guru"]
[2026-06-09T11:50:22.153Z] URL: /api/attendance/qr, Method: POST, Auth: Bearer OF28thrtzpCNv..., Session: User: guru@gmail.com, Role: guru
[requireRole] URL: /api/attendance/qr, context: true, user: true, role: guru, allowed: ["guru"]
[2026-06-09T11:50:22.172Z] URL: /api/attendance/qr, Method: POST, Auth: Bearer OF28thrtzpCNv..., Session: User: guru@gmail.com, Role: guru
[requireRole] URL: /api/attendance/qr, context: true, user: true, role: guru, allowed: ["guru"]
[2026-06-09T11:50:22.350Z] URL: /api/attendance/qr, Method: POST, Auth: Bearer OF28thrtzpCNv..., Session: User: guru@gmail.com, Role: guru
[requireRole] URL: /api/attendance/qr, context: true, user: true, role: guru, allowed: ["guru"]
[2026-06-09T11:50:22.377Z] URL: /api/attendance/qr, Method: POST, Auth: Bearer OF28thrtzpCNv..., Session: User: guru@gmail.com, Role: guru
[requireRole] URL: /api/attendance/qr, context: true, user: true, role: guru, allowed: ["guru"]
[2026-06-09T11:50:22.435Z] URL: /api/attendance/qr, Method: POST, Auth: Bearer OF28thrtzpCNv..., Session: User: guru@gmail.com, Role: guru
[requireRole] URL: /api/attendance/qr, context: true, user: true, role: guru, allowed: ["guru"]
[2026-06-09T11:50:22.459Z] URL: /api/attendance/qr, Method: POST, Auth: Bearer OF28thrtzpCNv..., Session: User: guru@gmail.com, Role: guru
[requireRole] URL: /api/attendance/qr, context: true, user: true, role: guru, allowed: ["guru"]
[2026-06-09T11:50:22.530Z] URL: /api/attendance/qr, Method: POST, Auth: Bearer OF28thrtzpCNv..., Session: User: guru@gmail.com, Role: guru
[requireRole] URL: /api/attendance/qr, context: true, user: true, role: guru, allowed: ["guru"]
[2026-06-09T11:50:22.572Z] URL: /api/attendance/qr, Method: POST, Auth: Bearer OF28thrtzpCNv..., Session: User: guru@gmail.com, Role: guru
[requireRole] URL: /api/attendance/qr, context: true, user: true, role: guru, allowed: ["guru"]
[2026-06-09T11:50:22.617Z] URL: /api/attendance/qr, Method: POST, Auth: Bearer OF28thrtzpCNv..., Session: User: guru@gmail.com, Role: guru
[requireRole] URL: /api/attendance/qr, context: true, user: true, role: guru, allowed: ["guru"]
[2026-06-09T11:50:22.654Z] URL: /api/attendance/qr, Method: POST, Auth: Bearer OF28thrtzpCNv..., Session: User: guru@gmail.com, Role: guru
[requireRole] URL: /api/attendance/qr, context: true, user: true, role: guru, allowed: ["guru"]
[2026-06-09T11:50:22.700Z] URL: /api/attendance/qr, Method: POST, Auth: Bearer OF28thrtzpCNv..., Session: User: guru@gmail.com, Role: guru
[requireRole] URL: /api/attendance/qr, context: true, user: true, role: guru, allowed: ["guru"]
[2026-06-09T11:50:22.750Z] URL: /api/attendance/qr, Method: POST, Auth: Bearer OF28thrtzpCNv..., Session: User: guru@gmail.com, Role: guru
[requireRole] URL: /api/attendance/qr, context: true, user: true, role: guru, allowed: ["guru"]
[2026-06-09T11:50:22.844Z] URL: /api/attendance/qr, Method: POST, Auth: Bearer OF28thrtzpCNv..., Session: User: guru@gmail.com, Role: guru
[requireRole] URL: /api/attendance/qr, context: true, user: true, role: guru, allowed: ["guru"]
[2026-06-09T11:50:22.860Z] URL: /api/attendance/qr, Method: POST, Auth: Bearer OF28thrtzpCNv..., Session: User: guru@gmail.com, Role: guru
[requireRole] URL: /api/attendance/qr, context: true, user: true, role: guru, allowed: ["guru"]
[2026-06-09T11:50:22.900Z] URL: /api/attendance/qr, Method: POST, Auth: Bearer OF28thrtzpCNv..., Session: User: guru@gmail.com, Role: guru
[requireRole] URL: /api/attendance/qr, context: true, user: true, role: guru, allowed: ["guru"]
[2026-06-09T11:51:09.828Z] URL: /api/attendance/qr, Method: POST, Auth: Bearer OF28thrtzpCNv..., Session: User: guru@gmail.com, Role: guru
[requireRole] URL: /api/attendance/qr, context: true, user: true, role: guru, allowed: ["guru"]
[2026-06-09T11:51:10.030Z] URL: /api/attendance/qr, Method: POST, Auth: Bearer OF28thrtzpCNv..., Session: User: guru@gmail.com, Role: guru
[requireRole] URL: /api/attendance/qr, context: true, user: true, role: guru, allowed: ["guru"]
[2026-06-09T11:51:10.295Z] URL: /api/attendance/qr, Method: POST, Auth: Bearer OF28thrtzpCNv..., Session: User: guru@gmail.com, Role: guru
[requireRole] URL: /api/attendance/qr, context: true, user: true, role: guru, allowed: ["guru"]
[2026-06-09T11:51:10.337Z] URL: /api/attendance/qr, Method: POST, Auth: Bearer OF28thrtzpCNv..., Session: User: guru@gmail.com, Role: guru
[requireRole] URL: /api/attendance/qr, context: true, user: true, role: guru, allowed: ["guru"]
[2026-06-09T11:51:10.352Z] URL: /api/attendance/qr, Method: POST, Auth: Bearer OF28thrtzpCNv..., Session: User: guru@gmail.com, Role: guru
[requireRole] URL: /api/attendance/qr, context: true, user: true, role: guru, allowed: ["guru"]
[2026-06-09T11:51:10.468Z] URL: /api/attendance/qr, Method: POST, Auth: Bearer OF28thrtzpCNv..., Session: User: guru@gmail.com, Role: guru
[requireRole] URL: /api/attendance/qr, context: true, user: true, role: guru, allowed: ["guru"]
[2026-06-09T11:51:10.502Z] URL: /api/attendance/qr, Method: POST, Auth: Bearer OF28thrtzpCNv..., Session: User: guru@gmail.com, Role: guru
[requireRole] URL: /api/attendance/qr, context: true, user: true, role: guru, allowed: ["guru"]
[2026-06-09T11:51:10.521Z] URL: /api/attendance/qr, Method: POST, Auth: Bearer OF28thrtzpCNv..., Session: User: guru@gmail.com, Role: guru
[requireRole] URL: /api/attendance/qr, context: true, user: true, role: guru, allowed: ["guru"]
[2026-06-09T11:51:26.272Z] URL: /api/attendance/qr, Method: POST, Auth: Bearer OF28thrtzpCNv..., Session: User: guru@gmail.com, Role: guru
[requireRole] URL: /api/attendance/qr, context: true, user: true, role: guru, allowed: ["guru"]
[2026-06-09T11:51:26.297Z] URL: /api/attendance/qr, Method: POST, Auth: Bearer OF28thrtzpCNv..., Session: User: guru@gmail.com, Role: guru
[requireRole] URL: /api/attendance/qr, context: true, user: true, role: guru, allowed: ["guru"]
[2026-06-09T11:51:26.467Z] URL: /api/attendance/qr, Method: POST, Auth: Bearer OF28thrtzpCNv..., Session: User: guru@gmail.com, Role: guru
[requireRole] URL: /api/attendance/qr, context: true, user: true, role: guru, allowed: ["guru"]
[2026-06-09T11:51:26.498Z] URL: /api/attendance/qr, Method: POST, Auth: Bearer OF28thrtzpCNv..., Session: User: guru@gmail.com, Role: guru
[requireRole] URL: /api/attendance/qr, context: true, user: true, role: guru, allowed: ["guru"]
[2026-06-09T11:51:26.522Z] URL: /api/attendance/qr, Method: POST, Auth: Bearer OF28thrtzpCNv..., Session: User: guru@gmail.com, Role: guru
[requireRole] URL: /api/attendance/qr, context: true, user: true, role: guru, allowed: ["guru"]
[2026-06-09T11:51:26.586Z] URL: /api/attendance/qr, Method: POST, Auth: Bearer OF28thrtzpCNv..., Session: User: guru@gmail.com, Role: guru
[requireRole] URL: /api/attendance/qr, context: true, user: true, role: guru, allowed: ["guru"]
[2026-06-09T11:51:26.630Z] URL: /api/attendance/qr, Method: POST, Auth: Bearer OF28thrtzpCNv..., Session: User: guru@gmail.com, Role: guru
[requireRole] URL: /api/attendance/qr, context: true, user: true, role: guru, allowed: ["guru"]
[2026-06-09T11:51:26.682Z] URL: /api/attendance/qr, Method: POST, Auth: Bearer OF28thrtzpCNv..., Session: User: guru@gmail.com, Role: guru
[requireRole] URL: /api/attendance/qr, context: true, user: true, role: guru, allowed: ["guru"]
[2026-06-09T11:51:26.715Z] URL: /api/attendance/qr, Method: POST, Auth: Bearer OF28thrtzpCNv..., Session: User: guru@gmail.com, Role: guru
[requireRole] URL: /api/attendance/qr, context: true, user: true, role: guru, allowed: ["guru"]
[2026-06-09T11:51:26.781Z] URL: /api/attendance/qr, Method: POST, Auth: Bearer OF28thrtzpCNv..., Session: User: guru@gmail.com, Role: guru
[requireRole] URL: /api/attendance/qr, context: true, user: true, role: guru, allowed: ["guru"]
[2026-06-09T11:51:26.846Z] URL: /api/attendance/qr, Method: POST, Auth: Bearer OF28thrtzpCNv..., Session: User: guru@gmail.com, Role: guru
[requireRole] URL: /api/attendance/qr, context: true, user: true, role: guru, allowed: ["guru"]
[2026-06-09T11:51:26.884Z] URL: /api/attendance/qr, Method: POST, Auth: Bearer OF28thrtzpCNv..., Session: User: guru@gmail.com, Role: guru
[requireRole] URL: /api/attendance/qr, context: true, user: true, role: guru, allowed: ["guru"]
[2026-06-09T11:51:26.936Z] URL: /api/attendance/qr, Method: POST, Auth: Bearer OF28thrtzpCNv..., Session: User: guru@gmail.com, Role: guru
[requireRole] URL: /api/attendance/qr, context: true, user: true, role: guru, allowed: ["guru"]
[2026-06-09T11:51:27.024Z] URL: /api/attendance/qr, Method: POST, Auth: Bearer OF28thrtzpCNv..., Session: User: guru@gmail.com, Role: guru
[requireRole] URL: /api/attendance/qr, context: true, user: true, role: guru, allowed: ["guru"]
[2026-06-09T11:51:44.412Z] URL: /api/attendance/qr, Method: POST, Auth: Bearer OF28thrtzpCNv..., Session: User: guru@gmail.com, Role: guru
[requireRole] URL: /api/attendance/qr, context: true, user: true, role: guru, allowed: ["guru"]
[2026-06-09T11:51:44.791Z] URL: /api/attendance/qr, Method: POST, Auth: Bearer OF28thrtzpCNv..., Session: User: guru@gmail.com, Role: guru
[requireRole] URL: /api/attendance/qr, context: true, user: true, role: guru, allowed: ["guru"]
[2026-06-09T11:51:44.870Z] URL: /api/attendance/qr, Method: POST, Auth: Bearer OF28thrtzpCNv..., Session: User: guru@gmail.com, Role: guru
[requireRole] URL: /api/attendance/qr, context: true, user: true, role: guru, allowed: ["guru"]
[2026-06-09T11:51:44.899Z] URL: /api/attendance/qr, Method: POST, Auth: Bearer OF28thrtzpCNv..., Session: User: guru@gmail.com, Role: guru
[requireRole] URL: /api/attendance/qr, context: true, user: true, role: guru, allowed: ["guru"]
[2026-06-09T11:51:44.950Z] URL: /api/attendance/qr, Method: POST, Auth: Bearer OF28thrtzpCNv..., Session: User: guru@gmail.com, Role: guru
[requireRole] URL: /api/attendance/qr, context: true, user: true, role: guru, allowed: ["guru"]
[2026-06-09T11:51:45.020Z] URL: /api/attendance/qr, Method: POST, Auth: Bearer OF28thrtzpCNv..., Session: User: guru@gmail.com, Role: guru
[requireRole] URL: /api/attendance/qr, context: true, user: true, role: guru, allowed: ["guru"]
[2026-06-09T11:51:45.046Z] URL: /api/attendance/qr, Method: POST, Auth: Bearer OF28thrtzpCNv..., Session: User: guru@gmail.com, Role: guru
[requireRole] URL: /api/attendance/qr, context: true, user: true, role: guru, allowed: ["guru"]
[2026-06-09T11:51:45.095Z] URL: /api/attendance/qr, Method: POST, Auth: Bearer OF28thrtzpCNv..., Session: User: guru@gmail.com, Role: guru
[requireRole] URL: /api/attendance/qr, context: true, user: true, role: guru, allowed: ["guru"]
[2026-06-09T11:51:47.898Z] URL: /api/attendance/qr, Method: POST, Auth: Bearer OF28thrtzpCNv..., Session: User: guru@gmail.com, Role: guru
[requireRole] URL: /api/attendance/qr, context: true, user: true, role: guru, allowed: ["guru"]
[2026-06-09T11:51:48.147Z] URL: /api/attendance/qr, Method: POST, Auth: Bearer OF28thrtzpCNv..., Session: User: guru@gmail.com, Role: guru
[requireRole] URL: /api/attendance/qr, context: true, user: true, role: guru, allowed: ["guru"]
[2026-06-09T11:51:48.195Z] URL: /api/attendance/qr, Method: POST, Auth: Bearer OF28thrtzpCNv..., Session: User: guru@gmail.com, Role: guru
[requireRole] URL: /api/attendance/qr, context: true, user: true, role: guru, allowed: ["guru"]
[2026-06-09T11:51:48.236Z] URL: /api/attendance/qr, Method: POST, Auth: Bearer OF28thrtzpCNv..., Session: User: guru@gmail.com, Role: guru
[requireRole] URL: /api/attendance/qr, context: true, user: true, role: guru, allowed: ["guru"]
[2026-06-09T11:51:48.283Z] URL: /api/attendance/qr, Method: POST, Auth: Bearer OF28thrtzpCNv..., Session: User: guru@gmail.com, Role: guru
[requireRole] URL: /api/attendance/qr, context: true, user: true, role: guru, allowed: ["guru"]
[2026-06-09T11:51:48.309Z] URL: /api/attendance/qr, Method: POST, Auth: Bearer OF28thrtzpCNv..., Session: User: guru@gmail.com, Role: guru
[requireRole] URL: /api/attendance/qr, context: true, user: true, role: guru, allowed: ["guru"]
[2026-06-09T11:51:48.346Z] URL: /api/attendance/qr, Method: POST, Auth: Bearer OF28thrtzpCNv..., Session: User: guru@gmail.com, Role: guru
[requireRole] URL: /api/attendance/qr, context: true, user: true, role: guru, allowed: ["guru"]
[2026-06-09T11:51:48.431Z] URL: /api/attendance/qr, Method: POST, Auth: Bearer OF28thrtzpCNv..., Session: User: guru@gmail.com, Role: guru
[requireRole] URL: /api/attendance/qr, context: true, user: true, role: guru, allowed: ["guru"]
[2026-06-09T11:51:48.467Z] URL: /api/attendance/qr, Method: POST, Auth: Bearer OF28thrtzpCNv..., Session: User: guru@gmail.com, Role: guru
[requireRole] URL: /api/attendance/qr, context: true, user: true, role: guru, allowed: ["guru"]
[2026-06-09T11:51:52.417Z] URL: /api/attendance/qr, Method: POST, Auth: Bearer OF28thrtzpCNv..., Session: User: guru@gmail.com, Role: guru
[requireRole] URL: /api/attendance/qr, context: true, user: true, role: guru, allowed: ["guru"]
[2026-06-09T11:51:52.617Z] URL: /api/attendance/qr, Method: POST, Auth: Bearer OF28thrtzpCNv..., Session: User: guru@gmail.com, Role: guru
[requireRole] URL: /api/attendance/qr, context: true, user: true, role: guru, allowed: ["guru"]
[2026-06-09T11:51:52.691Z] URL: /api/attendance/qr, Method: POST, Auth: Bearer OF28thrtzpCNv..., Session: User: guru@gmail.com, Role: guru
[requireRole] URL: /api/attendance/qr, context: true, user: true, role: guru, allowed: ["guru"]
[2026-06-09T11:51:52.695Z] URL: /api/attendance/qr, Method: POST, Auth: Bearer OF28thrtzpCNv..., Session: User: guru@gmail.com, Role: guru
[requireRole] URL: /api/attendance/qr, context: true, user: true, role: guru, allowed: ["guru"]
[2026-06-09T11:51:52.713Z] URL: /api/attendance/qr, Method: POST, Auth: Bearer OF28thrtzpCNv..., Session: User: guru@gmail.com, Role: guru
[requireRole] URL: /api/attendance/qr, context: true, user: true, role: guru, allowed: ["guru"]
[2026-06-09T11:51:52.755Z] URL: /api/attendance/qr, Method: POST, Auth: Bearer OF28thrtzpCNv..., Session: User: guru@gmail.com, Role: guru
[requireRole] URL: /api/attendance/qr, context: true, user: true, role: guru, allowed: ["guru"]
[2026-06-09T11:51:52.833Z] URL: /api/attendance/qr, Method: POST, Auth: Bearer OF28thrtzpCNv..., Session: User: guru@gmail.com, Role: guru
[requireRole] URL: /api/attendance/qr, context: true, user: true, role: guru, allowed: ["guru"]
[2026-06-09T11:51:52.867Z] URL: /api/attendance/qr, Method: POST, Auth: Bearer OF28thrtzpCNv..., Session: User: guru@gmail.com, Role: guru
[requireRole] URL: /api/attendance/qr, context: true, user: true, role: guru, allowed: ["guru"]
[2026-06-09T11:51:52.895Z] URL: /api/attendance/qr, Method: POST, Auth: Bearer OF28thrtzpCNv..., Session: User: guru@gmail.com, Role: guru
[requireRole] URL: /api/attendance/qr, context: true, user: true, role: guru, allowed: ["guru"]
[2026-06-09T11:51:52.939Z] URL: /api/attendance/qr, Method: POST, Auth: Bearer OF28thrtzpCNv..., Session: User: guru@gmail.com, Role: guru
[requireRole] URL: /api/attendance/qr, context: true, user: true, role: guru, allowed: ["guru"]
[2026-06-09T11:52:22.018Z] URL: /api/attendance/qr, Method: POST, Auth: Bearer OF28thrtzpCNv..., Session: User: guru@gmail.com, Role: guru
[requireRole] URL: /api/attendance/qr, context: true, user: true, role: guru, allowed: ["guru"]
[2026-06-09T11:52:22.033Z] URL: /api/attendance/qr, Method: POST, Auth: Bearer OF28thrtzpCNv..., Session: User: guru@gmail.com, Role: guru
[requireRole] URL: /api/attendance/qr, context: true, user: true, role: guru, allowed: ["guru"]
[2026-06-09T11:52:22.204Z] URL: /api/attendance/qr, Method: POST, Auth: Bearer OF28thrtzpCNv..., Session: User: guru@gmail.com, Role: guru
[requireRole] URL: /api/attendance/qr, context: true, user: true, role: guru, allowed: ["guru"]
[2026-06-09T11:52:22.332Z] URL: /api/attendance/qr, Method: POST, Auth: Bearer OF28thrtzpCNv..., Session: User: guru@gmail.com, Role: guru
[requireRole] URL: /api/attendance/qr, context: true, user: true, role: guru, allowed: ["guru"]
[2026-06-09T11:52:22.400Z] URL: /api/attendance/qr, Method: POST, Auth: Bearer OF28thrtzpCNv..., Session: User: guru@gmail.com, Role: guru
[requireRole] URL: /api/attendance/qr, context: true, user: true, role: guru, allowed: ["guru"]
[2026-06-09T11:52:22.516Z] URL: /api/attendance/qr, Method: POST, Auth: Bearer OF28thrtzpCNv..., Session: User: guru@gmail.com, Role: guru
[requireRole] URL: /api/attendance/qr, context: true, user: true, role: guru, allowed: ["guru"]
[2026-06-09T11:52:22.587Z] URL: /api/attendance/qr, Method: POST, Auth: Bearer OF28thrtzpCNv..., Session: User: guru@gmail.com, Role: guru
[requireRole] URL: /api/attendance/qr, context: true, user: true, role: guru, allowed: ["guru"]
[2026-06-09T11:52:25.999Z] URL: /api/attendance/qr, Method: POST, Auth: Bearer OF28thrtzpCNv..., Session: User: guru@gmail.com, Role: guru
[requireRole] URL: /api/attendance/qr, context: true, user: true, role: guru, allowed: ["guru"]
[2026-06-09T11:52:26.078Z] URL: /api/attendance/qr, Method: POST, Auth: Bearer OF28thrtzpCNv..., Session: User: guru@gmail.com, Role: guru
[requireRole] URL: /api/attendance/qr, context: true, user: true, role: guru, allowed: ["guru"]
[2026-06-09T11:52:26.151Z] URL: /api/attendance/qr, Method: POST, Auth: Bearer OF28thrtzpCNv..., Session: User: guru@gmail.com, Role: guru
[requireRole] URL: /api/attendance/qr, context: true, user: true, role: guru, allowed: ["guru"]
[2026-06-09T11:52:26.227Z] URL: /api/attendance/qr, Method: POST, Auth: Bearer OF28thrtzpCNv..., Session: User: guru@gmail.com, Role: guru
[requireRole] URL: /api/attendance/qr, context: true, user: true, role: guru, allowed: ["guru"]
[2026-06-09T11:52:26.324Z] URL: /api/attendance/qr, Method: POST, Auth: Bearer OF28thrtzpCNv..., Session: User: guru@gmail.com, Role: guru
[requireRole] URL: /api/attendance/qr, context: true, user: true, role: guru, allowed: ["guru"]
[2026-06-09T11:52:26.939Z] URL: /api/attendance/qr, Method: POST, Auth: Bearer OF28thrtzpCNv..., Session: User: guru@gmail.com, Role: guru
[requireRole] URL: /api/attendance/qr, context: true, user: true, role: guru, allowed: ["guru"]
[2026-06-09T11:52:27.309Z] URL: /api/attendance/qr, Method: POST, Auth: Bearer OF28thrtzpCNv..., Session: User: guru@gmail.com, Role: guru
[requireRole] URL: /api/attendance/qr, context: true, user: true, role: guru, allowed: ["guru"]
[2026-06-09T11:52:27.424Z] URL: /api/attendance/qr, Method: POST, Auth: Bearer OF28thrtzpCNv..., Session: User: guru@gmail.com, Role: guru
[requireRole] URL: /api/attendance/qr, context: true, user: true, role: guru, allowed: ["guru"]
[2026-06-09T11:52:27.558Z] URL: /api/attendance/qr, Method: POST, Auth: Bearer OF28thrtzpCNv..., Session: User: guru@gmail.com, Role: guru
[requireRole] URL: /api/attendance/qr, context: true, user: true, role: guru, allowed: ["guru"]
[2026-06-09T11:52:27.773Z] URL: /api/attendance/qr, Method: POST, Auth: Bearer OF28thrtzpCNv..., Session: User: guru@gmail.com, Role: guru
[requireRole] URL: /api/attendance/qr, context: true, user: true, role: guru, allowed: ["guru"]
[2026-06-09T11:52:28.148Z] URL: /api/attendance/qr, Method: POST, Auth: Bearer OF28thrtzpCNv..., Session: User: guru@gmail.com, Role: guru
[requireRole] URL: /api/attendance/qr, context: true, user: true, role: guru, allowed: ["guru"]
[2026-06-09T11:52:28.241Z] URL: /api/attendance/qr, Method: POST, Auth: Bearer OF28thrtzpCNv..., Session: User: guru@gmail.com, Role: guru
[requireRole] URL: /api/attendance/qr, context: true, user: true, role: guru, allowed: ["guru"]
[2026-06-09T11:52:28.326Z] URL: /api/attendance/qr, Method: POST, Auth: Bearer OF28thrtzpCNv..., Session: User: guru@gmail.com, Role: guru
[requireRole] URL: /api/attendance/qr, context: true, user: true, role: guru, allowed: ["guru"]
[2026-06-09T11:52:28.366Z] URL: /api/attendance/qr, Method: POST, Auth: Bearer OF28thrtzpCNv..., Session: User: guru@gmail.com, Role: guru
[requireRole] URL: /api/attendance/qr, context: true, user: true, role: guru, allowed: ["guru"]
[2026-06-09T11:52:28.439Z] URL: /api/attendance/qr, Method: POST, Auth: Bearer OF28thrtzpCNv..., Session: User: guru@gmail.com, Role: guru
[requireRole] URL: /api/attendance/qr, context: true, user: true, role: guru, allowed: ["guru"]
[2026-06-09T11:52:28.494Z] URL: /api/attendance/qr, Method: POST, Auth: Bearer OF28thrtzpCNv..., Session: User: guru@gmail.com, Role: guru
[requireRole] URL: /api/attendance/qr, context: true, user: true, role: guru, allowed: ["guru"]
[2026-06-09T11:52:28.778Z] URL: /api/attendance/qr, Method: POST, Auth: Bearer OF28thrtzpCNv..., Session: User: guru@gmail.com, Role: guru
[requireRole] URL: /api/attendance/qr, context: true, user: true, role: guru, allowed: ["guru"]
[2026-06-09T11:52:28.945Z] URL: /api/attendance/qr, Method: POST, Auth: Bearer OF28thrtzpCNv..., Session: User: guru@gmail.com, Role: guru
[requireRole] URL: /api/attendance/qr, context: true, user: true, role: guru, allowed: ["guru"]
[2026-06-09T11:52:29.020Z] URL: /api/attendance/qr, Method: POST, Auth: Bearer OF28thrtzpCNv..., Session: User: guru@gmail.com, Role: guru
[requireRole] URL: /api/attendance/qr, context: true, user: true, role: guru, allowed: ["guru"]
[2026-06-09T11:52:29.104Z] URL: /api/attendance/qr, Method: POST, Auth: Bearer OF28thrtzpCNv..., Session: User: guru@gmail.com, Role: guru
[requireRole] URL: /api/attendance/qr, context: true, user: true, role: guru, allowed: ["guru"]
[2026-06-09T11:52:29.174Z] URL: /api/attendance/qr, Method: POST, Auth: Bearer OF28thrtzpCNv..., Session: User: guru@gmail.com, Role: guru
[requireRole] URL: /api/attendance/qr, context: true, user: true, role: guru, allowed: ["guru"]
[2026-06-09T11:52:29.235Z] URL: /api/attendance/qr, Method: POST, Auth: Bearer OF28thrtzpCNv..., Session: User: guru@gmail.com, Role: guru
[requireRole] URL: /api/attendance/qr, context: true, user: true, role: guru, allowed: ["guru"]
[2026-06-09T11:52:29.394Z] URL: /api/attendance/qr, Method: POST, Auth: Bearer OF28thrtzpCNv..., Session: User: guru@gmail.com, Role: guru
[requireRole] URL: /api/attendance/qr, context: true, user: true, role: guru, allowed: ["guru"]
[2026-06-09T11:52:29.440Z] URL: /api/attendance/qr, Method: POST, Auth: Bearer OF28thrtzpCNv..., Session: User: guru@gmail.com, Role: guru
[requireRole] URL: /api/attendance/qr, context: true, user: true, role: guru, allowed: ["guru"]
[2026-06-09T22:56:13.674Z] URL: /attendance?date=2026-06-09, Method: GET, Auth: Bearer MDqDV718qo7T0..., Session: User: admin@school.com, Role: admin
[requireRole] URL: /attendance?date=2026-06-09, context: true, user: true, role: admin, allowed: ["admin","guru"]
[2026-06-09T22:56:13.709Z] URL: /stats?date=2026-06-09, Method: GET, Auth: Bearer MDqDV718qo7T0..., Session: User: admin@school.com, Role: admin
[requireRole] URL: /stats?date=2026-06-09, context: true, user: true, role: admin, allowed: ["admin","guru"]
[2026-06-09T22:56:13.760Z] URL: /attendance?date=2026-06-09, Method: GET, Auth: Bearer MDqDV718qo7T0..., Session: User: admin@school.com, Role: admin
[requireRole] URL: /attendance?date=2026-06-09, context: true, user: true, role: admin, allowed: ["admin","guru"]
[2026-06-09T22:56:13.786Z] URL: /stats?date=2026-06-09, Method: GET, Auth: Bearer MDqDV718qo7T0..., Session: User: admin@school.com, Role: admin
[requireRole] URL: /stats?date=2026-06-09, context: true, user: true, role: admin, allowed: ["admin","guru"]
[2026-06-09T22:56:16.640Z] URL: /stats?date=2026-06-09, Method: GET, Auth: Bearer MDqDV718qo7T0..., Session: User: admin@school.com, Role: admin
[requireRole] URL: /stats?date=2026-06-09, context: true, user: true, role: admin, allowed: ["admin","guru"]
[2026-06-09T22:56:16.645Z] URL: /attendance?date=2026-06-09, Method: GET, Auth: Bearer MDqDV718qo7T0..., Session: User: admin@school.com, Role: admin
[requireRole] URL: /attendance?date=2026-06-09, context: true, user: true, role: admin, allowed: ["admin","guru"]
[2026-06-09T22:56:16.708Z] URL: /stats?date=2026-06-09, Method: GET, Auth: Bearer MDqDV718qo7T0..., Session: User: admin@school.com, Role: admin
[requireRole] URL: /stats?date=2026-06-09, context: true, user: true, role: admin, allowed: ["admin","guru"]
[2026-06-09T22:56:16.730Z] URL: /attendance?date=2026-06-09, Method: GET, Auth: Bearer MDqDV718qo7T0..., Session: User: admin@school.com, Role: admin
[requireRole] URL: /attendance?date=2026-06-09, context: true, user: true, role: admin, allowed: ["admin","guru"]
[2026-06-09T22:56:29.398Z] URL: /stats?date=2026-06-10, Method: GET, Auth: Bearer MDqDV718qo7T0..., Session: User: admin@school.com, Role: admin
[requireRole] URL: /stats?date=2026-06-10, context: true, user: true, role: admin, allowed: ["admin","guru"]
[2026-06-09T22:56:29.405Z] URL: /attendance?date=2026-06-10, Method: GET, Auth: Bearer MDqDV718qo7T0..., Session: User: admin@school.com, Role: admin
[requireRole] URL: /attendance?date=2026-06-10, context: true, user: true, role: admin, allowed: ["admin","guru"]
[2026-06-09T22:59:16.819Z] URL: /, Method: GET, Auth: Bearer MDqDV718qo7T0..., Session: User: admin@school.com, Role: admin
[requireRole] URL: /, context: true, user: true, role: admin, allowed: ["admin"]
[2026-06-09T22:59:16.838Z] URL: /, Method: GET, Auth: Bearer MDqDV718qo7T0..., Session: User: admin@school.com, Role: admin
[requireRole] URL: /, context: true, user: true, role: admin, allowed: ["admin"]
[2026-06-09T22:59:16.856Z] URL: /, Method: GET, Auth: Bearer MDqDV718qo7T0..., Session: User: admin@school.com, Role: admin
[requireRole] URL: /, context: true, user: true, role: admin, allowed: ["admin"]
[2026-06-09T23:04:57.756Z] URL: /api/config?device_uuid=device-uuid-9842a-2849b, Method: GET, Auth: Bearer QEKpPJB3RAGwh..., Session: User: bangjookey@gmail.com, Role: siswa
[2026-06-09T23:05:25.071Z] URL: /api/attendance, Method: POST, Auth: Bearer QEKpPJB3RAGwh..., Session: User: bangjookey@gmail.com, Role: siswa
[requireRole] URL: /api/attendance, context: true, user: true, role: siswa, allowed: ["siswa"]
[2026-06-09T23:07:15.646Z] URL: /stats?date=2026-06-10, Method: GET, Auth: Bearer MDqDV718qo7T0..., Session: User: admin@school.com, Role: admin
[requireRole] URL: /stats?date=2026-06-10, context: true, user: true, role: admin, allowed: ["admin","guru"]
[2026-06-09T23:07:15.653Z] URL: /attendance?date=2026-06-10, Method: GET, Auth: Bearer MDqDV718qo7T0..., Session: User: admin@school.com, Role: admin
[requireRole] URL: /attendance?date=2026-06-10, context: true, user: true, role: admin, allowed: ["admin","guru"]
[2026-06-09T23:07:17.412Z] URL: /, Method: GET, Auth: Bearer MDqDV718qo7T0..., Session: User: admin@school.com, Role: admin
[requireRole] URL: /, context: true, user: true, role: admin, allowed: ["admin"]
[2026-06-09T23:07:19.958Z] URL: /, Method: GET, Auth: Bearer MDqDV718qo7T0..., Session: User: admin@school.com, Role: admin
[requireRole] URL: /, context: true, user: true, role: admin, allowed: ["admin"]
[2026-06-09T23:07:19.980Z] URL: /, Method: GET, Auth: Bearer MDqDV718qo7T0..., Session: User: admin@school.com, Role: admin
[requireRole] URL: /, context: true, user: true, role: admin, allowed: ["admin"]
[2026-06-09T23:07:19.997Z] URL: /, Method: GET, Auth: Bearer MDqDV718qo7T0..., Session: User: admin@school.com, Role: admin
[requireRole] URL: /, context: true, user: true, role: admin, allowed: ["admin"]
[2026-06-09T23:08:08.204Z] URL: /api/config?device_uuid=cefb0840-b656-4246-b27f-ee80a40f9948, Method: GET, Auth: Bearer 5vP2ipsjLWoJY..., Session: User: bangjookey@gmail.com, Role: siswa
[2026-06-09T23:08:46.301Z] URL: /api/config?device_uuid=323b76b7-1ba3-43db-85a5-07becd5f0245, Method: GET, Auth: Bearer KrEamwTuP8b7e..., Session: User: bangjookey@gmail.com, Role: siswa
[2026-06-09T23:09:36.172Z] URL: /api/config?device_uuid=071fa535-5792-4d03-9b6b-85007af3d8d0, Method: GET, Auth: Bearer gMKPb8UU4ImF3..., Session: User: bangjookey@gmail.com, Role: siswa
[2026-06-09T23:10:22.422Z] URL: /api/config?device_uuid=ee1f85e5-d9d1-46eb-a5e4-185131a3b2f8, Method: GET, Auth: Bearer BINcqZgAe4sYW..., Session: User: bangjookey@gmail.com, Role: siswa
[2026-06-09T23:23:28.606Z] URL: /attendance?date=2026-06-10, Method: GET, Auth: Bearer MDqDV718qo7T0..., Session: User: admin@school.com, Role: admin
[requireRole] URL: /attendance?date=2026-06-10, context: true, user: true, role: admin, allowed: ["admin","guru"]
[2026-06-09T23:23:28.610Z] URL: /stats?date=2026-06-10, Method: GET, Auth: Bearer MDqDV718qo7T0..., Session: User: admin@school.com, Role: admin
[requireRole] URL: /stats?date=2026-06-10, context: true, user: true, role: admin, allowed: ["admin","guru"]
[2026-06-09T23:23:38.304Z] URL: /stats?date=2026-06-10&classId=1, Method: GET, Auth: Bearer MDqDV718qo7T0..., Session: User: admin@school.com, Role: admin
[requireRole] URL: /stats?date=2026-06-10&classId=1, context: true, user: true, role: admin, allowed: ["admin","guru"]
[2026-06-09T23:23:38.310Z] URL: /attendance?date=2026-06-10&classId=1, Method: GET, Auth: Bearer MDqDV718qo7T0..., Session: User: admin@school.com, Role: admin
[requireRole] URL: /attendance?date=2026-06-10&classId=1, context: true, user: true, role: admin, allowed: ["admin","guru"]
[2026-06-09T23:23:44.343Z] URL: /stats?date=2026-06-10&classId=1&month=6, Method: GET, Auth: Bearer MDqDV718qo7T0..., Session: User: admin@school.com, Role: admin
[requireRole] URL: /stats?date=2026-06-10&classId=1&month=6, context: true, user: true, role: admin, allowed: ["admin","guru"]
[2026-06-09T23:23:44.346Z] URL: /attendance?date=2026-06-10&classId=1&month=6, Method: GET, Auth: Bearer MDqDV718qo7T0..., Session: User: admin@school.com, Role: admin
[requireRole] URL: /attendance?date=2026-06-10&classId=1&month=6, context: true, user: true, role: admin, allowed: ["admin","guru"]
[2026-06-09T23:23:46.935Z] URL: /stats?date=2026-06-10&classId=1&month=6&year=2025, Method: GET, Auth: Bearer MDqDV718qo7T0..., Session: User: admin@school.com, Role: admin
[requireRole] URL: /stats?date=2026-06-10&classId=1&month=6&year=2025, context: true, user: true, role: admin, allowed: ["admin","guru"]
[2026-06-09T23:23:46.939Z] URL: /attendance?date=2026-06-10&classId=1&month=6&year=2025, Method: GET, Auth: Bearer MDqDV718qo7T0..., Session: User: admin@school.com, Role: admin
[requireRole] URL: /attendance?date=2026-06-10&classId=1&month=6&year=2025, context: true, user: true, role: admin, allowed: ["admin","guru"]
[2026-06-09T23:23:48.620Z] URL: /stats?date=2026-06-10&classId=1&month=6&year=2026, Method: GET, Auth: Bearer MDqDV718qo7T0..., Session: User: admin@school.com, Role: admin
[requireRole] URL: /stats?date=2026-06-10&classId=1&month=6&year=2026, context: true, user: true, role: admin, allowed: ["admin","guru"]
[2026-06-09T23:23:48.622Z] URL: /attendance?date=2026-06-10&classId=1&month=6&year=2026, Method: GET, Auth: Bearer MDqDV718qo7T0..., Session: User: admin@school.com, Role: admin
[requireRole] URL: /attendance?date=2026-06-10&classId=1&month=6&year=2026, context: true, user: true, role: admin, allowed: ["admin","guru"]
[2026-06-09T23:23:51.721Z] URL: /, Method: GET, Auth: Bearer MDqDV718qo7T0..., Session: User: admin@school.com, Role: admin
[requireRole] URL: /, context: true, user: true, role: admin, allowed: ["admin"]
[2026-06-09T23:23:51.746Z] URL: /, Method: GET, Auth: Bearer MDqDV718qo7T0..., Session: User: admin@school.com, Role: admin
[requireRole] URL: /, context: true, user: true, role: admin, allowed: ["admin"]
[2026-06-09T23:23:51.773Z] URL: /, Method: GET, Auth: Bearer MDqDV718qo7T0..., Session: User: admin@school.com, Role: admin
[requireRole] URL: /, context: true, user: true, role: admin, allowed: ["admin"]
[2026-06-09T23:29:02.014Z] URL: /api/config?device_uuid=device-uuid-9842a-2849b, Method: GET, Auth: Bearer zj0dmOnNlhxzs..., Session: User: bangjookey@gmail.com, Role: siswa
[2026-06-09T23:29:28.123Z] URL: /api/attendance, Method: POST, Auth: Bearer zj0dmOnNlhxzs..., Session: User: bangjookey@gmail.com, Role: siswa
[requireRole] URL: /api/attendance, context: true, user: true, role: siswa, allowed: ["siswa"]
[2026-06-09T23:35:14.477Z] URL: /, Method: GET, Auth: Bearer MDqDV718qo7T0..., Session: User: admin@school.com, Role: admin
[requireRole] URL: /, context: true, user: true, role: admin, allowed: ["admin"]
[2026-06-09T23:40:30.702Z] URL: /api/attendance/qr, Method: POST, Auth: Bearer CBl2pONgpf3Zg..., Session: User: guru@gmail.com, Role: guru
[requireRole] URL: /api/attendance/qr, context: true, user: true, role: guru, allowed: ["guru"]
[2026-06-09T23:40:31.099Z] URL: /api/attendance/qr, Method: POST, Auth: Bearer CBl2pONgpf3Zg..., Session: User: guru@gmail.com, Role: guru
[requireRole] URL: /api/attendance/qr, context: true, user: true, role: guru, allowed: ["guru"]
[2026-06-09T23:40:31.212Z] URL: /api/attendance/qr, Method: POST, Auth: Bearer CBl2pONgpf3Zg..., Session: User: guru@gmail.com, Role: guru
[requireRole] URL: /api/attendance/qr, context: true, user: true, role: guru, allowed: ["guru"]
[2026-06-09T23:40:31.274Z] URL: /api/attendance/qr, Method: POST, Auth: Bearer CBl2pONgpf3Zg..., Session: User: guru@gmail.com, Role: guru
[requireRole] URL: /api/attendance/qr, context: true, user: true, role: guru, allowed: ["guru"]
[2026-06-09T23:40:31.487Z] URL: /api/attendance/qr, Method: POST, Auth: Bearer CBl2pONgpf3Zg..., Session: User: guru@gmail.com, Role: guru
[requireRole] URL: /api/attendance/qr, context: true, user: true, role: guru, allowed: ["guru"]
[2026-06-09T23:40:31.676Z] URL: /api/attendance/qr, Method: POST, Auth: Bearer CBl2pONgpf3Zg..., Session: User: guru@gmail.com, Role: guru
[requireRole] URL: /api/attendance/qr, context: true, user: true, role: guru, allowed: ["guru"]
[2026-06-09T23:40:31.810Z] URL: /api/attendance/qr, Method: POST, Auth: Bearer CBl2pONgpf3Zg..., Session: User: guru@gmail.com, Role: guru
[requireRole] URL: /api/attendance/qr, context: true, user: true, role: guru, allowed: ["guru"]
[2026-06-09T23:40:31.981Z] URL: /api/attendance/qr, Method: POST, Auth: Bearer CBl2pONgpf3Zg..., Session: User: guru@gmail.com, Role: guru
[requireRole] URL: /api/attendance/qr, context: true, user: true, role: guru, allowed: ["guru"]
[2026-06-09T23:40:32.226Z] URL: /api/attendance/qr, Method: POST, Auth: Bearer CBl2pONgpf3Zg..., Session: User: guru@gmail.com, Role: guru
[requireRole] URL: /api/attendance/qr, context: true, user: true, role: guru, allowed: ["guru"]
[2026-06-09T23:40:32.446Z] URL: /api/attendance/qr, Method: POST, Auth: Bearer CBl2pONgpf3Zg..., Session: User: guru@gmail.com, Role: guru
[requireRole] URL: /api/attendance/qr, context: true, user: true, role: guru, allowed: ["guru"]
[2026-06-09T23:40:32.627Z] URL: /api/attendance/qr, Method: POST, Auth: Bearer CBl2pONgpf3Zg..., Session: User: guru@gmail.com, Role: guru
[requireRole] URL: /api/attendance/qr, context: true, user: true, role: guru, allowed: ["guru"]
[2026-06-09T23:40:32.822Z] URL: /api/attendance/qr, Method: POST, Auth: Bearer CBl2pONgpf3Zg..., Session: User: guru@gmail.com, Role: guru
[requireRole] URL: /api/attendance/qr, context: true, user: true, role: guru, allowed: ["guru"]
[2026-06-09T23:41:04.146Z] URL: /api/attendance/qr, Method: POST, Auth: Bearer CBl2pONgpf3Zg..., Session: User: guru@gmail.com, Role: guru
[requireRole] URL: /api/attendance/qr, context: true, user: true, role: guru, allowed: ["guru"]
[2026-06-09T23:41:04.253Z] URL: /api/attendance/qr, Method: POST, Auth: Bearer CBl2pONgpf3Zg..., Session: User: guru@gmail.com, Role: guru
[requireRole] URL: /api/attendance/qr, context: true, user: true, role: guru, allowed: ["guru"]
[2026-06-09T23:41:04.512Z] URL: /api/attendance/qr, Method: POST, Auth: Bearer CBl2pONgpf3Zg..., Session: User: guru@gmail.com, Role: guru
[requireRole] URL: /api/attendance/qr, context: true, user: true, role: guru, allowed: ["guru"]
[2026-06-09T23:41:04.556Z] URL: /api/attendance/qr, Method: POST, Auth: Bearer CBl2pONgpf3Zg..., Session: User: guru@gmail.com, Role: guru
[requireRole] URL: /api/attendance/qr, context: true, user: true, role: guru, allowed: ["guru"]
[2026-06-09T23:41:04.709Z] URL: /api/attendance/qr, Method: POST, Auth: Bearer CBl2pONgpf3Zg..., Session: User: guru@gmail.com, Role: guru
[requireRole] URL: /api/attendance/qr, context: true, user: true, role: guru, allowed: ["guru"]
[2026-06-09T23:41:04.852Z] URL: /api/attendance/qr, Method: POST, Auth: Bearer CBl2pONgpf3Zg..., Session: User: guru@gmail.com, Role: guru
[requireRole] URL: /api/attendance/qr, context: true, user: true, role: guru, allowed: ["guru"]
[2026-06-09T23:41:04.956Z] URL: /api/attendance/qr, Method: POST, Auth: Bearer CBl2pONgpf3Zg..., Session: User: guru@gmail.com, Role: guru
[requireRole] URL: /api/attendance/qr, context: true, user: true, role: guru, allowed: ["guru"]
[2026-06-09T23:41:05.110Z] URL: /api/attendance/qr, Method: POST, Auth: Bearer CBl2pONgpf3Zg..., Session: User: guru@gmail.com, Role: guru
[requireRole] URL: /api/attendance/qr, context: true, user: true, role: guru, allowed: ["guru"]
[2026-06-09T23:41:05.211Z] URL: /api/attendance/qr, Method: POST, Auth: Bearer CBl2pONgpf3Zg..., Session: User: guru@gmail.com, Role: guru
[requireRole] URL: /api/attendance/qr, context: true, user: true, role: guru, allowed: ["guru"]
[2026-06-09T23:41:05.329Z] URL: /api/attendance/qr, Method: POST, Auth: Bearer CBl2pONgpf3Zg..., Session: User: guru@gmail.com, Role: guru
[requireRole] URL: /api/attendance/qr, context: true, user: true, role: guru, allowed: ["guru"]
[2026-06-09T23:41:05.489Z] URL: /api/attendance/qr, Method: POST, Auth: Bearer CBl2pONgpf3Zg..., Session: User: guru@gmail.com, Role: guru
[requireRole] URL: /api/attendance/qr, context: true, user: true, role: guru, allowed: ["guru"]
[2026-06-09T23:41:05.636Z] URL: /api/attendance/qr, Method: POST, Auth: Bearer CBl2pONgpf3Zg..., Session: User: guru@gmail.com, Role: guru
[requireRole] URL: /api/attendance/qr, context: true, user: true, role: guru, allowed: ["guru"]
[2026-06-09T23:41:13.157Z] URL: /api/attendance/qr, Method: POST, Auth: Bearer CBl2pONgpf3Zg..., Session: User: guru@gmail.com, Role: guru
[requireRole] URL: /api/attendance/qr, context: true, user: true, role: guru, allowed: ["guru"]
[2026-06-09T23:41:13.299Z] URL: /api/attendance/qr, Method: POST, Auth: Bearer CBl2pONgpf3Zg..., Session: User: guru@gmail.com, Role: guru
[requireRole] URL: /api/attendance/qr, context: true, user: true, role: guru, allowed: ["guru"]
[2026-06-09T23:41:13.494Z] URL: /api/attendance/qr, Method: POST, Auth: Bearer CBl2pONgpf3Zg..., Session: User: guru@gmail.com, Role: guru
[requireRole] URL: /api/attendance/qr, context: true, user: true, role: guru, allowed: ["guru"]
[2026-06-09T23:41:13.606Z] URL: /api/attendance/qr, Method: POST, Auth: Bearer CBl2pONgpf3Zg..., Session: User: guru@gmail.com, Role: guru
[requireRole] URL: /api/attendance/qr, context: true, user: true, role: guru, allowed: ["guru"]
[2026-06-09T23:41:13.724Z] URL: /api/attendance/qr, Method: POST, Auth: Bearer CBl2pONgpf3Zg..., Session: User: guru@gmail.com, Role: guru
[requireRole] URL: /api/attendance/qr, context: true, user: true, role: guru, allowed: ["guru"]
[2026-06-09T23:41:13.856Z] URL: /api/attendance/qr, Method: POST, Auth: Bearer CBl2pONgpf3Zg..., Session: User: guru@gmail.com, Role: guru
[requireRole] URL: /api/attendance/qr, context: true, user: true, role: guru, allowed: ["guru"]
[2026-06-09T23:41:13.936Z] URL: /api/attendance/qr, Method: POST, Auth: Bearer CBl2pONgpf3Zg..., Session: User: guru@gmail.com, Role: guru
[requireRole] URL: /api/attendance/qr, context: true, user: true, role: guru, allowed: ["guru"]
[2026-06-09T23:41:14.056Z] URL: /api/attendance/qr, Method: POST, Auth: Bearer CBl2pONgpf3Zg..., Session: User: guru@gmail.com, Role: guru
[requireRole] URL: /api/attendance/qr, context: true, user: true, role: guru, allowed: ["guru"]
[2026-06-09T23:41:14.184Z] URL: /api/attendance/qr, Method: POST, Auth: Bearer CBl2pONgpf3Zg..., Session: User: guru@gmail.com, Role: guru
[requireRole] URL: /api/attendance/qr, context: true, user: true, role: guru, allowed: ["guru"]
[2026-06-09T23:41:14.341Z] URL: /api/attendance/qr, Method: POST, Auth: Bearer CBl2pONgpf3Zg..., Session: User: guru@gmail.com, Role: guru
[requireRole] URL: /api/attendance/qr, context: true, user: true, role: guru, allowed: ["guru"]
[2026-06-09T23:41:14.504Z] URL: /api/attendance/qr, Method: POST, Auth: Bearer CBl2pONgpf3Zg..., Session: User: guru@gmail.com, Role: guru
[requireRole] URL: /api/attendance/qr, context: true, user: true, role: guru, allowed: ["guru"]
[2026-06-09T23:41:14.619Z] URL: /api/attendance/qr, Method: POST, Auth: Bearer CBl2pONgpf3Zg..., Session: User: guru@gmail.com, Role: guru
[requireRole] URL: /api/attendance/qr, context: true, user: true, role: guru, allowed: ["guru"]
[2026-06-09T23:41:14.749Z] URL: /api/attendance/qr, Method: POST, Auth: Bearer CBl2pONgpf3Zg..., Session: User: guru@gmail.com, Role: guru
[requireRole] URL: /api/attendance/qr, context: true, user: true, role: guru, allowed: ["guru"]
[2026-06-09T23:41:14.853Z] URL: /api/attendance/qr, Method: POST, Auth: Bearer CBl2pONgpf3Zg..., Session: User: guru@gmail.com, Role: guru
[requireRole] URL: /api/attendance/qr, context: true, user: true, role: guru, allowed: ["guru"]
[2026-06-09T23:41:14.966Z] URL: /api/attendance/qr, Method: POST, Auth: Bearer CBl2pONgpf3Zg..., Session: User: guru@gmail.com, Role: guru
[requireRole] URL: /api/attendance/qr, context: true, user: true, role: guru, allowed: ["guru"]
[2026-06-09T23:41:15.138Z] URL: /api/attendance/qr, Method: POST, Auth: Bearer CBl2pONgpf3Zg..., Session: User: guru@gmail.com, Role: guru
[requireRole] URL: /api/attendance/qr, context: true, user: true, role: guru, allowed: ["guru"]
[2026-06-09T23:41:30.902Z] URL: /api/attendance/qr, Method: POST, Auth: Bearer CBl2pONgpf3Zg..., Session: User: guru@gmail.com, Role: guru
[requireRole] URL: /api/attendance/qr, context: true, user: true, role: guru, allowed: ["guru"]
[2026-06-09T23:41:30.986Z] URL: /api/attendance/qr, Method: POST, Auth: Bearer CBl2pONgpf3Zg..., Session: User: guru@gmail.com, Role: guru
[requireRole] URL: /api/attendance/qr, context: true, user: true, role: guru, allowed: ["guru"]
[2026-06-09T23:41:31.252Z] URL: /api/attendance/qr, Method: POST, Auth: Bearer CBl2pONgpf3Zg..., Session: User: guru@gmail.com, Role: guru
[requireRole] URL: /api/attendance/qr, context: true, user: true, role: guru, allowed: ["guru"]
[2026-06-09T23:41:31.333Z] URL: /api/attendance/qr, Method: POST, Auth: Bearer CBl2pONgpf3Zg..., Session: User: guru@gmail.com, Role: guru
[requireRole] URL: /api/attendance/qr, context: true, user: true, role: guru, allowed: ["guru"]
[2026-06-09T23:41:31.471Z] URL: /api/attendance/qr, Method: POST, Auth: Bearer CBl2pONgpf3Zg..., Session: User: guru@gmail.com, Role: guru
[requireRole] URL: /api/attendance/qr, context: true, user: true, role: guru, allowed: ["guru"]
[2026-06-09T23:41:57.267Z] URL: /api/attendance/qr, Method: POST, Auth: Bearer CBl2pONgpf3Zg..., Session: User: guru@gmail.com, Role: guru
[requireRole] URL: /api/attendance/qr, context: true, user: true, role: guru, allowed: ["guru"]
[2026-06-09T23:41:57.378Z] URL: /api/attendance/qr, Method: POST, Auth: Bearer CBl2pONgpf3Zg..., Session: User: guru@gmail.com, Role: guru
[requireRole] URL: /api/attendance/qr, context: true, user: true, role: guru, allowed: ["guru"]
[2026-06-09T23:41:57.595Z] URL: /api/attendance/qr, Method: POST, Auth: Bearer CBl2pONgpf3Zg..., Session: User: guru@gmail.com, Role: guru
[requireRole] URL: /api/attendance/qr, context: true, user: true, role: guru, allowed: ["guru"]
[2026-06-09T23:44:38.030Z] URL: /api/attendance/qr, Method: POST, Auth: Bearer CBl2pONgpf3Zg..., Session: User: guru@gmail.com, Role: guru
[requireRole] URL: /api/attendance/qr, context: true, user: true, role: guru, allowed: ["guru"]
[2026-06-09T23:44:38.036Z] URL: /api/attendance/qr, Method: POST, Auth: Bearer CBl2pONgpf3Zg..., Session: User: guru@gmail.com, Role: guru
[requireRole] URL: /api/attendance/qr, context: true, user: true, role: guru, allowed: ["guru"]
[2026-06-09T23:44:38.039Z] URL: /api/attendance/qr, Method: POST, Auth: Bearer CBl2pONgpf3Zg..., Session: User: guru@gmail.com, Role: guru
[requireRole] URL: /api/attendance/qr, context: true, user: true, role: guru, allowed: ["guru"]
[2026-06-09T23:44:38.042Z] URL: /api/attendance/qr, Method: POST, Auth: Bearer CBl2pONgpf3Zg..., Session: User: guru@gmail.com, Role: guru
[requireRole] URL: /api/attendance/qr, context: true, user: true, role: guru, allowed: ["guru"]
[2026-06-09T23:44:38.126Z] URL: /api/attendance/qr, Method: POST, Auth: Bearer CBl2pONgpf3Zg..., Session: User: guru@gmail.com, Role: guru
[requireRole] URL: /api/attendance/qr, context: true, user: true, role: guru, allowed: ["guru"]
[2026-06-09T23:45:30.807Z] URL: /api/attendance/qr, Method: POST, Auth: Bearer CBl2pONgpf3Zg..., Session: User: guru@gmail.com, Role: guru
[requireRole] URL: /api/attendance/qr, context: true, user: true, role: guru, allowed: ["guru"]
[2026-06-09T23:45:30.906Z] URL: /api/attendance/qr, Method: POST, Auth: Bearer CBl2pONgpf3Zg..., Session: User: guru@gmail.com, Role: guru
[requireRole] URL: /api/attendance/qr, context: true, user: true, role: guru, allowed: ["guru"]
[2026-06-09T23:45:31.153Z] URL: /api/attendance/qr, Method: POST, Auth: Bearer CBl2pONgpf3Zg..., Session: User: guru@gmail.com, Role: guru
[requireRole] URL: /api/attendance/qr, context: true, user: true, role: guru, allowed: ["guru"]
[2026-06-09T23:45:31.226Z] URL: /api/attendance/qr, Method: POST, Auth: Bearer CBl2pONgpf3Zg..., Session: User: guru@gmail.com, Role: guru
[requireRole] URL: /api/attendance/qr, context: true, user: true, role: guru, allowed: ["guru"]
[2026-06-09T23:45:31.364Z] URL: /api/attendance/qr, Method: POST, Auth: Bearer CBl2pONgpf3Zg..., Session: User: guru@gmail.com, Role: guru
[requireRole] URL: /api/attendance/qr, context: true, user: true, role: guru, allowed: ["guru"]
[2026-06-09T23:45:31.433Z] URL: /api/attendance/qr, Method: POST, Auth: Bearer CBl2pONgpf3Zg..., Session: User: guru@gmail.com, Role: guru
[requireRole] URL: /api/attendance/qr, context: true, user: true, role: guru, allowed: ["guru"]
[2026-06-09T23:45:31.530Z] URL: /api/attendance/qr, Method: POST, Auth: Bearer CBl2pONgpf3Zg..., Session: User: guru@gmail.com, Role: guru
[requireRole] URL: /api/attendance/qr, context: true, user: true, role: guru, allowed: ["guru"]
[2026-06-09T23:55:32.283Z] URL: /api/attendance/qr, Method: POST, Auth: Bearer Rn2aqgGBpEscf..., Session: User: guru@gmail.com, Role: guru
[requireRole] URL: /api/attendance/qr, context: true, user: true, role: guru, allowed: ["guru"]
[2026-06-09T23:55:49.563Z] URL: /api/attendance/qr, Method: POST, Auth: Bearer Rn2aqgGBpEscf..., Session: User: guru@gmail.com, Role: guru
[requireRole] URL: /api/attendance/qr, context: true, user: true, role: guru, allowed: ["guru"]
[2026-06-09T23:55:55.942Z] URL: /api/attendance/qr, Method: POST, Auth: Bearer Rn2aqgGBpEscf..., Session: User: guru@gmail.com, Role: guru
[requireRole] URL: /api/attendance/qr, context: true, user: true, role: guru, allowed: ["guru"]
[2026-06-09T23:56:03.965Z] URL: /api/attendance/qr, Method: POST, Auth: Bearer Rn2aqgGBpEscf..., Session: User: guru@gmail.com, Role: guru
[requireRole] URL: /api/attendance/qr, context: true, user: true, role: guru, allowed: ["guru"]
[2026-06-09T23:56:07.181Z] URL: /api/attendance/qr, Method: POST, Auth: Bearer Rn2aqgGBpEscf..., Session: User: guru@gmail.com, Role: guru
[requireRole] URL: /api/attendance/qr, context: true, user: true, role: guru, allowed: ["guru"]
[2026-06-09T23:57:06.416Z] URL: /api/config?device_uuid=device-uuid-9842a-2849b, Method: GET, Auth: Bearer sWFMlgknCxcH6..., Session: User: bangjookey@gmail.com, Role: siswa
[2026-06-09T23:57:32.501Z] URL: /api/attendance, Method: POST, Auth: Bearer sWFMlgknCxcH6..., Session: User: bangjookey@gmail.com, Role: siswa
[requireRole] URL: /api/attendance, context: true, user: true, role: siswa, allowed: ["siswa"]
[2026-06-09T23:58:34.161Z] URL: /api/config?device_uuid=1e2192a2-f73c-4211-8a6c-6b347dc2fbee, Method: GET, Auth: Bearer g5auLTwcXsQcw..., Session: User: bangjookey@gmail.com, Role: siswa
[2026-06-09T23:59:23.568Z] URL: /api/attendance, Method: POST, Auth: Bearer g5auLTwcXsQcw..., Session: User: bangjookey@gmail.com, Role: siswa
[requireRole] URL: /api/attendance, context: true, user: true, role: siswa, allowed: ["siswa"]
[2026-06-10T00:00:26.542Z] URL: /stats?date=2026-06-10, Method: GET, Auth: Bearer MDqDV718qo7T0..., Session: User: admin@school.com, Role: admin
[requireRole] URL: /stats?date=2026-06-10, context: true, user: true, role: admin, allowed: ["admin","guru"]
[2026-06-10T00:00:26.627Z] URL: /attendance?date=2026-06-10, Method: GET, Auth: Bearer MDqDV718qo7T0..., Session: User: admin@school.com, Role: admin
[requireRole] URL: /attendance?date=2026-06-10, context: true, user: true, role: admin, allowed: ["admin","guru"]
[2026-06-10T00:00:26.690Z] URL: /stats?date=2026-06-10, Method: GET, Auth: Bearer MDqDV718qo7T0..., Session: User: admin@school.com, Role: admin
[requireRole] URL: /stats?date=2026-06-10, context: true, user: true, role: admin, allowed: ["admin","guru"]
[2026-06-10T00:00:26.720Z] URL: /attendance?date=2026-06-10, Method: GET, Auth: Bearer MDqDV718qo7T0..., Session: User: admin@school.com, Role: admin
[requireRole] URL: /attendance?date=2026-06-10, context: true, user: true, role: admin, allowed: ["admin","guru"]
[2026-06-10T00:00:47.425Z] URL: /, Method: GET, Auth: Bearer MDqDV718qo7T0..., Session: User: admin@school.com, Role: admin
[requireRole] URL: /, context: true, user: true, role: admin, allowed: ["admin"]
[2026-06-10T00:00:47.442Z] URL: /, Method: GET, Auth: Bearer MDqDV718qo7T0..., Session: User: admin@school.com, Role: admin
[requireRole] URL: /, context: true, user: true, role: admin, allowed: ["admin"]
[2026-06-10T00:00:47.459Z] URL: /, Method: GET, Auth: Bearer MDqDV718qo7T0..., Session: User: admin@school.com, Role: admin
[requireRole] URL: /, context: true, user: true, role: admin, allowed: ["admin"]
[2026-06-10T00:01:03.509Z] URL: /3, Method: PUT, Auth: Bearer MDqDV718qo7T0..., Session: User: admin@school.com, Role: admin
[requireRole] URL: /3, context: true, user: true, role: admin, allowed: ["admin"]
[2026-06-10T00:01:03.586Z] URL: /, Method: GET, Auth: Bearer MDqDV718qo7T0..., Session: User: admin@school.com, Role: admin
[requireRole] URL: /, context: true, user: true, role: admin, allowed: ["admin"]
[2026-06-10T00:01:03.651Z] URL: /, Method: GET, Auth: Bearer MDqDV718qo7T0..., Session: User: admin@school.com, Role: admin
[requireRole] URL: /, context: true, user: true, role: admin, allowed: ["admin"]
[2026-06-10T00:01:03.674Z] URL: /, Method: GET, Auth: Bearer MDqDV718qo7T0..., Session: User: admin@school.com, Role: admin
[requireRole] URL: /, context: true, user: true, role: admin, allowed: ["admin"]
[2026-06-10T00:01:09.109Z] URL: /, Method: GET, Auth: Bearer MDqDV718qo7T0..., Session: User: admin@school.com, Role: admin
[requireRole] URL: /, context: true, user: true, role: admin, allowed: ["admin"]
[2026-06-10T00:01:23.201Z] URL: /stats?date=2026-06-10, Method: GET, Auth: Bearer MDqDV718qo7T0..., Session: User: admin@school.com, Role: admin
[requireRole] URL: /stats?date=2026-06-10, context: true, user: true, role: admin, allowed: ["admin","guru"]
[2026-06-10T00:01:23.204Z] URL: /attendance?date=2026-06-10, Method: GET, Auth: Bearer MDqDV718qo7T0..., Session: User: admin@school.com, Role: admin
[requireRole] URL: /attendance?date=2026-06-10, context: true, user: true, role: admin, allowed: ["admin","guru"]
[2026-06-10T00:01:28.028Z] URL: /, Method: GET, Auth: Bearer MDqDV718qo7T0..., Session: User: admin@school.com, Role: admin
[requireRole] URL: /, context: true, user: true, role: admin, allowed: ["admin"]
[2026-06-10T00:01:28.046Z] URL: /, Method: GET, Auth: Bearer MDqDV718qo7T0..., Session: User: admin@school.com, Role: admin
[requireRole] URL: /, context: true, user: true, role: admin, allowed: ["admin"]
[2026-06-10T00:01:28.061Z] URL: /, Method: GET, Auth: Bearer MDqDV718qo7T0..., Session: User: admin@school.com, Role: admin
[requireRole] URL: /, context: true, user: true, role: admin, allowed: ["admin"]
[2026-06-10T00:02:20.958Z] URL: /api/config?device_uuid=1e2192a2-f73c-4211-8a6c-6b347dc2fbee, Method: GET, Auth: Bearer vAMVjD2SZst35..., Session: User: anita@gmail.com, Role: siswa
[2026-06-10T00:03:36.457Z] URL: /api/config?device_uuid=5117bca1-59a5-4b34-bd0f-32a3e821ba06, Method: GET, Auth: Bearer ymuuvEYnew31h..., Session: User: anita@gmail.com, Role: siswa
[2026-06-10T00:03:56.264Z] URL: /api/attendance, Method: POST, Auth: Bearer ymuuvEYnew31h..., Session: User: anita@gmail.com, Role: siswa
[requireRole] URL: /api/attendance, context: true, user: true, role: siswa, allowed: ["siswa"]
[2026-06-10T00:05:16.600Z] URL: /api/config?device_uuid=7bfa29a9-1314-4daf-b40f-0f77383bc1bc, Method: GET, Auth: Bearer qEGmUfR5CFm0C..., Session: User: bangjookey@gmail.com, Role: siswa
[2026-06-10T00:05:39.610Z] URL: /api/attendance, Method: POST, Auth: Bearer qEGmUfR5CFm0C..., Session: User: bangjookey@gmail.com, Role: siswa
[requireRole] URL: /api/attendance, context: true, user: true, role: siswa, allowed: ["siswa"]
[2026-06-10T01:01:46.070Z] URL: /api/config?device_uuid=device-uuid-9842a-2849b, Method: GET, Auth: Bearer uXYPFt94zmQXu..., Session: User: bangjookey@gmail.com, Role: siswa
[2026-06-10T01:02:12.367Z] URL: /api/attendance, Method: POST, Auth: Bearer uXYPFt94zmQXu..., Session: User: bangjookey@gmail.com, Role: siswa
[requireRole] URL: /api/attendance, context: true, user: true, role: siswa, allowed: ["siswa"]
[2026-06-10T01:07:09.352Z] URL: /api/attendance/qr, Method: POST, Auth: Bearer XZDCrARZsuqfO..., Session: User: guru@gmail.com, Role: guru
[requireRole] URL: /api/attendance/qr, context: true, user: true, role: guru, allowed: ["guru"]
[2026-06-10T01:07:31.636Z] URL: /api/attendance/qr, Method: POST, Auth: Bearer XZDCrARZsuqfO..., Session: User: guru@gmail.com, Role: guru
[requireRole] URL: /api/attendance/qr, context: true, user: true, role: guru, allowed: ["guru"]
[2026-06-10T01:07:36.769Z] URL: /api/attendance/qr, Method: POST, Auth: Bearer XZDCrARZsuqfO..., Session: User: guru@gmail.com, Role: guru
[requireRole] URL: /api/attendance/qr, context: true, user: true, role: guru, allowed: ["guru"]
[2026-06-10T01:18:51.064Z] URL: /attendance?date=2026-06-10, Method: GET, Auth: Bearer MDqDV718qo7T0..., Session: User: admin@school.com, Role: admin
[requireRole] URL: /attendance?date=2026-06-10, context: true, user: true, role: admin, allowed: ["admin","guru"]
[2026-06-10T01:18:51.075Z] URL: /stats?date=2026-06-10, Method: GET, Auth: Bearer MDqDV718qo7T0..., Session: User: admin@school.com, Role: admin
[requireRole] URL: /stats?date=2026-06-10, context: true, user: true, role: admin, allowed: ["admin","guru"]
[2026-06-10T01:18:51.184Z] URL: /attendance?date=2026-06-10, Method: GET, Auth: Bearer MDqDV718qo7T0..., Session: User: admin@school.com, Role: admin
[requireRole] URL: /attendance?date=2026-06-10, context: true, user: true, role: admin, allowed: ["admin","guru"]
[2026-06-10T01:18:51.200Z] URL: /stats?date=2026-06-10, Method: GET, Auth: Bearer MDqDV718qo7T0..., Session: User: admin@school.com, Role: admin
[requireRole] URL: /stats?date=2026-06-10, context: true, user: true, role: admin, allowed: ["admin","guru"]
[2026-06-10T01:30:07.303Z] URL: /stats?date=2026-06-10, Method: GET, Auth: Bearer MDqDV718qo7T0..., Session: User: admin@school.com, Role: admin
[requireRole] URL: /stats?date=2026-06-10, context: true, user: true, role: admin, allowed: ["admin","guru"]
[2026-06-10T01:30:07.310Z] URL: /attendance?date=2026-06-10, Method: GET, Auth: Bearer MDqDV718qo7T0..., Session: User: admin@school.com, Role: admin
[requireRole] URL: /attendance?date=2026-06-10, context: true, user: true, role: admin, allowed: ["admin","guru"]
[2026-06-10T01:30:07.354Z] URL: /stats?date=2026-06-10, Method: GET, Auth: Bearer MDqDV718qo7T0..., Session: User: admin@school.com, Role: admin
[requireRole] URL: /stats?date=2026-06-10, context: true, user: true, role: admin, allowed: ["admin","guru"]
[2026-06-10T01:30:07.373Z] URL: /attendance?date=2026-06-10, Method: GET, Auth: Bearer MDqDV718qo7T0..., Session: User: admin@school.com, Role: admin
[requireRole] URL: /attendance?date=2026-06-10, context: true, user: true, role: admin, allowed: ["admin","guru"]
[2026-06-10T01:30:12.731Z] URL: /, Method: GET, Auth: Bearer MDqDV718qo7T0..., Session: User: admin@school.com, Role: admin
[requireRole] URL: /, context: true, user: true, role: admin, allowed: ["admin"]
[2026-06-10T01:30:15.853Z] URL: /, Method: GET, Auth: Bearer MDqDV718qo7T0..., Session: User: admin@school.com, Role: admin
[requireRole] URL: /, context: true, user: true, role: admin, allowed: ["admin"]
[2026-06-10T01:30:17.235Z] URL: /, Method: GET, Auth: Bearer MDqDV718qo7T0..., Session: User: admin@school.com, Role: admin
[requireRole] URL: /, context: true, user: true, role: admin, allowed: ["admin"]
[2026-06-10T01:30:19.076Z] URL: /, Method: GET, Auth: Bearer MDqDV718qo7T0..., Session: User: admin@school.com, Role: admin
[requireRole] URL: /, context: true, user: true, role: admin, allowed: ["admin"]
[2026-06-10T01:30:19.690Z] URL: /, Method: GET, Auth: Bearer MDqDV718qo7T0..., Session: User: admin@school.com, Role: admin
[requireRole] URL: /, context: true, user: true, role: admin, allowed: ["admin"]
[2026-06-10T01:30:19.736Z] URL: /, Method: GET, Auth: Bearer MDqDV718qo7T0..., Session: User: admin@school.com, Role: admin
[requireRole] URL: /, context: true, user: true, role: admin, allowed: ["admin"]
[2026-06-10T01:30:19.775Z] URL: /, Method: GET, Auth: Bearer MDqDV718qo7T0..., Session: User: admin@school.com, Role: admin
[requireRole] URL: /, context: true, user: true, role: admin, allowed: ["admin"]
[2026-06-10T01:30:21.559Z] URL: /, Method: GET, Auth: Bearer MDqDV718qo7T0..., Session: User: admin@school.com, Role: admin
[requireRole] URL: /, context: true, user: true, role: admin, allowed: ["admin"]
[2026-06-10T01:30:21.584Z] URL: /, Method: GET, Auth: Bearer MDqDV718qo7T0..., Session: User: admin@school.com, Role: admin
[requireRole] URL: /, context: true, user: true, role: admin, allowed: ["admin"]
[2026-06-10T01:30:21.608Z] URL: /, Method: GET, Auth: Bearer MDqDV718qo7T0..., Session: User: admin@school.com, Role: admin
[requireRole] URL: /, context: true, user: true, role: admin, allowed: ["admin"]
[2026-06-10T01:30:52.886Z] URL: /, Method: GET, Auth: Bearer MDqDV718qo7T0..., Session: User: admin@school.com, Role: admin
[requireRole] URL: /, context: true, user: true, role: admin, allowed: ["admin"]
[2026-06-10T01:30:52.927Z] URL: /, Method: GET, Auth: Bearer MDqDV718qo7T0..., Session: User: admin@school.com, Role: admin
[requireRole] URL: /, context: true, user: true, role: admin, allowed: ["admin"]
[2026-06-10T01:30:52.960Z] URL: /, Method: GET, Auth: Bearer MDqDV718qo7T0..., Session: User: admin@school.com, Role: admin
[requireRole] URL: /, context: true, user: true, role: admin, allowed: ["admin"]
[2026-06-10T01:31:00.773Z] URL: /, Method: GET, Auth: Bearer MDqDV718qo7T0..., Session: User: admin@school.com, Role: admin
[requireRole] URL: /, context: true, user: true, role: admin, allowed: ["admin"]
[2026-06-10T01:31:09.937Z] URL: /, Method: GET, Auth: Bearer MDqDV718qo7T0..., Session: User: admin@school.com, Role: admin
[requireRole] URL: /, context: true, user: true, role: admin, allowed: ["admin"]
[2026-06-10T01:31:28.683Z] URL: /, Method: POST, Auth: Bearer MDqDV718qo7T0..., Session: User: admin@school.com, Role: admin
[requireRole] URL: /, context: true, user: true, role: admin, allowed: ["admin"]
[2026-06-10T01:31:28.820Z] URL: /, Method: GET, Auth: Bearer MDqDV718qo7T0..., Session: User: admin@school.com, Role: admin
[requireRole] URL: /, context: true, user: true, role: admin, allowed: ["admin"]
[2026-06-10T01:31:34.801Z] URL: /, Method: POST, Auth: Bearer MDqDV718qo7T0..., Session: User: admin@school.com, Role: admin
[requireRole] URL: /, context: true, user: true, role: admin, allowed: ["admin"]
[2026-06-10T01:31:34.903Z] URL: /, Method: GET, Auth: Bearer MDqDV718qo7T0..., Session: User: admin@school.com, Role: admin
[requireRole] URL: /, context: true, user: true, role: admin, allowed: ["admin"]
[2026-06-10T01:31:40.586Z] URL: /, Method: POST, Auth: Bearer MDqDV718qo7T0..., Session: User: admin@school.com, Role: admin
[requireRole] URL: /, context: true, user: true, role: admin, allowed: ["admin"]
[2026-06-10T01:31:40.641Z] URL: /, Method: GET, Auth: Bearer MDqDV718qo7T0..., Session: User: admin@school.com, Role: admin
[requireRole] URL: /, context: true, user: true, role: admin, allowed: ["admin"]
[2026-06-10T01:31:46.092Z] URL: /, Method: POST, Auth: Bearer MDqDV718qo7T0..., Session: User: admin@school.com, Role: admin
[requireRole] URL: /, context: true, user: true, role: admin, allowed: ["admin"]
[2026-06-10T01:31:46.166Z] URL: /, Method: GET, Auth: Bearer MDqDV718qo7T0..., Session: User: admin@school.com, Role: admin
[requireRole] URL: /, context: true, user: true, role: admin, allowed: ["admin"]
[2026-06-10T01:31:51.540Z] URL: /, Method: POST, Auth: Bearer MDqDV718qo7T0..., Session: User: admin@school.com, Role: admin
[requireRole] URL: /, context: true, user: true, role: admin, allowed: ["admin"]
[2026-06-10T01:31:51.587Z] URL: /, Method: GET, Auth: Bearer MDqDV718qo7T0..., Session: User: admin@school.com, Role: admin
[requireRole] URL: /, context: true, user: true, role: admin, allowed: ["admin"]
[2026-06-10T01:32:02.390Z] URL: /, Method: POST, Auth: Bearer MDqDV718qo7T0..., Session: User: admin@school.com, Role: admin
[requireRole] URL: /, context: true, user: true, role: admin, allowed: ["admin"]
[2026-06-10T01:32:02.502Z] URL: /, Method: GET, Auth: Bearer MDqDV718qo7T0..., Session: User: admin@school.com, Role: admin
[requireRole] URL: /, context: true, user: true, role: admin, allowed: ["admin"]
[2026-06-10T01:32:08.123Z] URL: /, Method: POST, Auth: Bearer MDqDV718qo7T0..., Session: User: admin@school.com, Role: admin
[requireRole] URL: /, context: true, user: true, role: admin, allowed: ["admin"]
[2026-06-10T01:32:08.168Z] URL: /, Method: GET, Auth: Bearer MDqDV718qo7T0..., Session: User: admin@school.com, Role: admin
[requireRole] URL: /, context: true, user: true, role: admin, allowed: ["admin"]
[2026-06-10T01:32:13.684Z] URL: /, Method: POST, Auth: Bearer MDqDV718qo7T0..., Session: User: admin@school.com, Role: admin
[requireRole] URL: /, context: true, user: true, role: admin, allowed: ["admin"]
[2026-06-10T01:32:13.739Z] URL: /, Method: GET, Auth: Bearer MDqDV718qo7T0..., Session: User: admin@school.com, Role: admin
[requireRole] URL: /, context: true, user: true, role: admin, allowed: ["admin"]
[2026-06-10T01:32:26.466Z] URL: /1, Method: PUT, Auth: Bearer MDqDV718qo7T0..., Session: User: admin@school.com, Role: admin
[requireRole] URL: /1, context: true, user: true, role: admin, allowed: ["admin"]
[2026-06-10T01:32:26.553Z] URL: /, Method: GET, Auth: Bearer MDqDV718qo7T0..., Session: User: admin@school.com, Role: admin
[requireRole] URL: /, context: true, user: true, role: admin, allowed: ["admin"]
[2026-06-10T01:32:33.784Z] URL: /, Method: GET, Auth: Bearer MDqDV718qo7T0..., Session: User: admin@school.com, Role: admin
[requireRole] URL: /, context: true, user: true, role: admin, allowed: ["admin"]
[2026-06-10T01:32:34.225Z] URL: /, Method: POST, Auth: Bearer MDqDV718qo7T0..., Session: User: admin@school.com, Role: admin
[requireRole] URL: /, context: true, user: true, role: admin, allowed: ["admin"]
[2026-06-10T01:32:34.294Z] URL: /, Method: GET, Auth: Bearer MDqDV718qo7T0..., Session: User: admin@school.com, Role: admin
[requireRole] URL: /, context: true, user: true, role: admin, allowed: ["admin"]
[2026-06-10T01:32:40.838Z] URL: /attendance?date=2026-06-10, Method: GET, Auth: Bearer MDqDV718qo7T0..., Session: User: admin@school.com, Role: admin
[requireRole] URL: /attendance?date=2026-06-10, context: true, user: true, role: admin, allowed: ["admin","guru"]
[2026-06-10T01:32:40.852Z] URL: /stats?date=2026-06-10, Method: GET, Auth: Bearer MDqDV718qo7T0..., Session: User: admin@school.com, Role: admin
[requireRole] URL: /stats?date=2026-06-10, context: true, user: true, role: admin, allowed: ["admin","guru"]
[2026-06-10T01:32:46.833Z] URL: /, Method: GET, Auth: Bearer MDqDV718qo7T0..., Session: User: admin@school.com, Role: admin
[requireRole] URL: /, context: true, user: true, role: admin, allowed: ["admin"]
[2026-06-10T01:32:50.454Z] URL: /, Method: GET, Auth: Bearer MDqDV718qo7T0..., Session: User: admin@school.com, Role: admin
[requireRole] URL: /, context: true, user: true, role: admin, allowed: ["admin"]
[2026-06-10T01:32:52.193Z] URL: /, Method: GET, Auth: Bearer MDqDV718qo7T0..., Session: User: admin@school.com, Role: admin
[requireRole] URL: /, context: true, user: true, role: admin, allowed: ["admin"]
[2026-06-10T01:33:06.157Z] URL: /, Method: GET, Auth: Bearer MDqDV718qo7T0..., Session: User: admin@school.com, Role: admin
[requireRole] URL: /, context: true, user: true, role: admin, allowed: ["admin"]
[2026-06-10T01:33:10.128Z] URL: /, Method: POST, Auth: Bearer MDqDV718qo7T0..., Session: User: admin@school.com, Role: admin
[requireRole] URL: /, context: true, user: true, role: admin, allowed: ["admin"]
[2026-06-10T01:33:10.173Z] URL: /, Method: GET, Auth: Bearer MDqDV718qo7T0..., Session: User: admin@school.com, Role: admin
[requireRole] URL: /, context: true, user: true, role: admin, allowed: ["admin"]
[2026-06-10T01:33:23.122Z] URL: /, Method: GET, Auth: Bearer MDqDV718qo7T0..., Session: User: admin@school.com, Role: admin
[requireRole] URL: /, context: true, user: true, role: admin, allowed: ["admin"]
[2026-06-10T01:33:24.353Z] URL: /stats?date=2026-06-10, Method: GET, Auth: Bearer MDqDV718qo7T0..., Session: User: admin@school.com, Role: admin
[requireRole] URL: /stats?date=2026-06-10, context: true, user: true, role: admin, allowed: ["admin","guru"]
[2026-06-10T01:33:24.358Z] URL: /attendance?date=2026-06-10, Method: GET, Auth: Bearer MDqDV718qo7T0..., Session: User: admin@school.com, Role: admin
[requireRole] URL: /attendance?date=2026-06-10, context: true, user: true, role: admin, allowed: ["admin","guru"]
[2026-06-10T01:33:26.236Z] URL: /stats?date=2026-06-10, Method: GET, Auth: Bearer MDqDV718qo7T0..., Session: User: admin@school.com, Role: admin
[requireRole] URL: /stats?date=2026-06-10, context: true, user: true, role: admin, allowed: ["admin","guru"]
[2026-06-10T01:33:26.240Z] URL: /attendance?date=2026-06-10, Method: GET, Auth: Bearer MDqDV718qo7T0..., Session: User: admin@school.com, Role: admin
[requireRole] URL: /attendance?date=2026-06-10, context: true, user: true, role: admin, allowed: ["admin","guru"]
[2026-06-10T01:34:20.327Z] URL: /stats?date=2026-06-10, Method: GET, Auth: Bearer MDqDV718qo7T0..., Session: User: admin@school.com, Role: admin
[requireRole] URL: /stats?date=2026-06-10, context: true, user: true, role: admin, allowed: ["admin","guru"]
[2026-06-10T01:34:20.353Z] URL: /attendance?date=2026-06-10, Method: GET, Auth: Bearer MDqDV718qo7T0..., Session: User: admin@school.com, Role: admin
[requireRole] URL: /attendance?date=2026-06-10, context: true, user: true, role: admin, allowed: ["admin","guru"]
[2026-06-10T01:34:20.390Z] URL: /attendance?date=2026-06-10, Method: GET, Auth: Bearer MDqDV718qo7T0..., Session: User: admin@school.com, Role: admin
[requireRole] URL: /attendance?date=2026-06-10, context: true, user: true, role: admin, allowed: ["admin","guru"]
[2026-06-10T01:34:20.393Z] URL: /stats?date=2026-06-10, Method: GET, Auth: Bearer MDqDV718qo7T0..., Session: User: admin@school.com, Role: admin
[requireRole] URL: /stats?date=2026-06-10, context: true, user: true, role: admin, allowed: ["admin","guru"]
[2026-06-10T01:34:21.810Z] URL: /, Method: GET, Auth: Bearer MDqDV718qo7T0..., Session: User: admin@school.com, Role: admin
[requireRole] URL: /, context: true, user: true, role: admin, allowed: ["admin"]
[2026-06-10T01:34:36.655Z] URL: /, Method: GET, Auth: Bearer MDqDV718qo7T0..., Session: User: admin@school.com, Role: admin
[requireRole] URL: /, context: true, user: true, role: admin, allowed: ["admin"]
[2026-06-10T01:34:37.967Z] URL: /, Method: GET, Auth: Bearer MDqDV718qo7T0..., Session: User: admin@school.com, Role: admin
[requireRole] URL: /, context: true, user: true, role: admin, allowed: ["admin"]
[2026-06-10T01:34:37.981Z] URL: /, Method: GET, Auth: Bearer MDqDV718qo7T0..., Session: User: admin@school.com, Role: admin
[requireRole] URL: /, context: true, user: true, role: admin, allowed: ["admin"]
[2026-06-10T01:34:37.993Z] URL: /, Method: GET, Auth: Bearer MDqDV718qo7T0..., Session: User: admin@school.com, Role: admin
[requireRole] URL: /, context: true, user: true, role: admin, allowed: ["admin"]
[2026-06-10T01:35:12.400Z] URL: /, Method: GET, Auth: Bearer MDqDV718qo7T0..., Session: User: admin@school.com, Role: admin
[requireRole] URL: /, context: true, user: true, role: admin, allowed: ["admin"]
[2026-06-10T01:35:12.425Z] URL: /, Method: GET, Auth: Bearer MDqDV718qo7T0..., Session: User: admin@school.com, Role: admin
[requireRole] URL: /, context: true, user: true, role: admin, allowed: ["admin"]
[2026-06-10T01:35:12.443Z] URL: /, Method: GET, Auth: Bearer MDqDV718qo7T0..., Session: User: admin@school.com, Role: admin
[requireRole] URL: /, context: true, user: true, role: admin, allowed: ["admin"]
[2026-06-10T01:35:12.942Z] URL: /, Method: GET, Auth: Bearer MDqDV718qo7T0..., Session: User: admin@school.com, Role: admin
[requireRole] URL: /, context: true, user: true, role: admin, allowed: ["admin"]
[2026-06-10T01:35:12.957Z] URL: /, Method: GET, Auth: Bearer MDqDV718qo7T0..., Session: User: admin@school.com, Role: admin
[requireRole] URL: /, context: true, user: true, role: admin, allowed: ["admin"]
[2026-06-10T01:35:12.974Z] URL: /, Method: GET, Auth: Bearer MDqDV718qo7T0..., Session: User: admin@school.com, Role: admin
[requireRole] URL: /, context: true, user: true, role: admin, allowed: ["admin"]
[2026-06-10T01:35:13.646Z] URL: /, Method: GET, Auth: Bearer MDqDV718qo7T0..., Session: User: admin@school.com, Role: admin
[requireRole] URL: /, context: true, user: true, role: admin, allowed: ["admin"]
[2026-06-10T01:35:15.015Z] URL: /, Method: GET, Auth: Bearer MDqDV718qo7T0..., Session: User: admin@school.com, Role: admin
[requireRole] URL: /, context: true, user: true, role: admin, allowed: ["admin"]
[2026-06-10T01:35:17.856Z] URL: /stats?date=2026-06-10, Method: GET, Auth: Bearer MDqDV718qo7T0..., Session: User: admin@school.com, Role: admin
[requireRole] URL: /stats?date=2026-06-10, context: true, user: true, role: admin, allowed: ["admin","guru"]
[2026-06-10T01:35:17.858Z] URL: /attendance?date=2026-06-10, Method: GET, Auth: Bearer MDqDV718qo7T0..., Session: User: admin@school.com, Role: admin
[requireRole] URL: /attendance?date=2026-06-10, context: true, user: true, role: admin, allowed: ["admin","guru"]
[2026-06-10T01:35:36.856Z] URL: /, Method: GET, Auth: Bearer MDqDV718qo7T0..., Session: User: admin@school.com, Role: admin
[requireRole] URL: /, context: true, user: true, role: admin, allowed: ["admin"]
[2026-06-10T01:35:36.871Z] URL: /, Method: GET, Auth: Bearer MDqDV718qo7T0..., Session: User: admin@school.com, Role: admin
[requireRole] URL: /, context: true, user: true, role: admin, allowed: ["admin"]
[2026-06-10T01:35:36.886Z] URL: /, Method: GET, Auth: Bearer MDqDV718qo7T0..., Session: User: admin@school.com, Role: admin
[requireRole] URL: /, context: true, user: true, role: admin, allowed: ["admin"]
[2026-06-10T01:38:36.434Z] URL: /stats?date=2026-06-10, Method: GET, Auth: Bearer MDqDV718qo7T0..., Session: User: admin@school.com, Role: admin
[requireRole] URL: /stats?date=2026-06-10, context: true, user: true, role: admin, allowed: ["admin","guru"]
[2026-06-10T01:38:36.442Z] URL: /attendance?date=2026-06-10, Method: GET, Auth: Bearer MDqDV718qo7T0..., Session: User: admin@school.com, Role: admin
[requireRole] URL: /attendance?date=2026-06-10, context: true, user: true, role: admin, allowed: ["admin","guru"]
[2026-06-10T01:38:36.502Z] URL: /stats?date=2026-06-10, Method: GET, Auth: Bearer MDqDV718qo7T0..., Session: User: admin@school.com, Role: admin
[requireRole] URL: /stats?date=2026-06-10, context: true, user: true, role: admin, allowed: ["admin","guru"]
[2026-06-10T01:38:36.521Z] URL: /attendance?date=2026-06-10, Method: GET, Auth: Bearer MDqDV718qo7T0..., Session: User: admin@school.com, Role: admin
[requireRole] URL: /attendance?date=2026-06-10, context: true, user: true, role: admin, allowed: ["admin","guru"]
[2026-06-10T01:38:40.734Z] URL: /, Method: GET, Auth: Bearer MDqDV718qo7T0..., Session: User: admin@school.com, Role: admin
[requireRole] URL: /, context: true, user: true, role: admin, allowed: ["admin"]
[2026-06-10T01:39:15.937Z] URL: /import, Method: POST, Auth: Bearer MDqDV718qo7T0..., Session: User: admin@school.com, Role: admin
[requireRole] URL: /import, context: true, user: true, role: admin, allowed: ["admin"]
[2026-06-10T01:40:07.235Z] URL: /stats?date=2026-06-10, Method: GET, Auth: Bearer MDqDV718qo7T0..., Session: User: admin@school.com, Role: admin
[requireRole] URL: /stats?date=2026-06-10, context: true, user: true, role: admin, allowed: ["admin","guru"]
[2026-06-10T01:40:07.239Z] URL: /attendance?date=2026-06-10, Method: GET, Auth: Bearer MDqDV718qo7T0..., Session: User: admin@school.com, Role: admin
[requireRole] URL: /attendance?date=2026-06-10, context: true, user: true, role: admin, allowed: ["admin","guru"]
[2026-06-10T01:40:07.267Z] URL: /stats?date=2026-06-10, Method: GET, Auth: Bearer MDqDV718qo7T0..., Session: User: admin@school.com, Role: admin
[requireRole] URL: /stats?date=2026-06-10, context: true, user: true, role: admin, allowed: ["admin","guru"]
[2026-06-10T01:40:07.277Z] URL: /attendance?date=2026-06-10, Method: GET, Auth: Bearer MDqDV718qo7T0..., Session: User: admin@school.com, Role: admin
[requireRole] URL: /attendance?date=2026-06-10, context: true, user: true, role: admin, allowed: ["admin","guru"]
[2026-06-10T01:40:09.449Z] URL: /, Method: GET, Auth: Bearer MDqDV718qo7T0..., Session: User: admin@school.com, Role: admin
[requireRole] URL: /, context: true, user: true, role: admin, allowed: ["admin"]
[2026-06-10T01:41:06.044Z] URL: /import, Method: POST, Auth: Bearer MDqDV718qo7T0..., Session: User: admin@school.com, Role: admin
[requireRole] URL: /import, context: true, user: true, role: admin, allowed: ["admin"]
[2026-06-10T01:42:28.026Z] URL: /, Method: GET, Auth: Bearer MDqDV718qo7T0..., Session: User: admin@school.com, Role: admin
[requireRole] URL: /, context: true, user: true, role: admin, allowed: ["admin"]
[2026-06-10T01:43:56.787Z] URL: /stats?date=2026-06-10, Method: GET, Auth: Bearer olKOQIMsKKba7..., Session: User: admin@school.com, Role: admin
[requireRole] URL: /stats?date=2026-06-10, context: true, user: true, role: admin, allowed: ["admin","guru"]
[2026-06-10T01:43:56.794Z] URL: /attendance?date=2026-06-10, Method: GET, Auth: Bearer olKOQIMsKKba7..., Session: User: admin@school.com, Role: admin
[requireRole] URL: /attendance?date=2026-06-10, context: true, user: true, role: admin, allowed: ["admin","guru"]
[2026-06-10T01:43:56.816Z] URL: /stats?date=2026-06-10, Method: GET, Auth: Bearer olKOQIMsKKba7..., Session: User: admin@school.com, Role: admin
[requireRole] URL: /stats?date=2026-06-10, context: true, user: true, role: admin, allowed: ["admin","guru"]
[2026-06-10T01:43:56.822Z] URL: /attendance?date=2026-06-10, Method: GET, Auth: Bearer olKOQIMsKKba7..., Session: User: admin@school.com, Role: admin
[requireRole] URL: /attendance?date=2026-06-10, context: true, user: true, role: admin, allowed: ["admin","guru"]
[2026-06-10T01:44:43.740Z] URL: /, Method: GET, Auth: Bearer olKOQIMsKKba7..., Session: User: admin@school.com, Role: admin
[requireRole] URL: /, context: true, user: true, role: admin, allowed: ["admin"]
[2026-06-10T01:44:43.756Z] URL: /, Method: GET, Auth: Bearer olKOQIMsKKba7..., Session: User: admin@school.com, Role: admin
[requireRole] URL: /, context: true, user: true, role: admin, allowed: ["admin"]
[2026-06-10T01:44:43.775Z] URL: /, Method: GET, Auth: Bearer olKOQIMsKKba7..., Session: User: admin@school.com, Role: admin
[requireRole] URL: /, context: true, user: true, role: admin, allowed: ["admin"]
[2026-06-10T01:44:45.551Z] URL: /, Method: GET, Auth: Bearer olKOQIMsKKba7..., Session: User: admin@school.com, Role: admin
[requireRole] URL: /, context: true, user: true, role: admin, allowed: ["admin"]
[2026-06-10T01:44:45.569Z] URL: /, Method: GET, Auth: Bearer olKOQIMsKKba7..., Session: User: admin@school.com, Role: admin
[requireRole] URL: /, context: true, user: true, role: admin, allowed: ["admin"]
[2026-06-10T01:44:45.597Z] URL: /, Method: GET, Auth: Bearer olKOQIMsKKba7..., Session: User: admin@school.com, Role: admin
[requireRole] URL: /, context: true, user: true, role: admin, allowed: ["admin"]
[2026-06-10T01:46:31.074Z] URL: /stats?date=2026-06-10, Method: GET, Auth: Bearer olKOQIMsKKba7..., Session: User: admin@school.com, Role: admin
[requireRole] URL: /stats?date=2026-06-10, context: true, user: true, role: admin, allowed: ["admin","guru"]
[2026-06-10T01:46:31.085Z] URL: /attendance?date=2026-06-10, Method: GET, Auth: Bearer olKOQIMsKKba7..., Session: User: admin@school.com, Role: admin
[requireRole] URL: /attendance?date=2026-06-10, context: true, user: true, role: admin, allowed: ["admin","guru"]
[2026-06-10T01:46:31.122Z] URL: /attendance?date=2026-06-10, Method: GET, Auth: Bearer olKOQIMsKKba7..., Session: User: admin@school.com, Role: admin
[requireRole] URL: /attendance?date=2026-06-10, context: true, user: true, role: admin, allowed: ["admin","guru"]
[2026-06-10T01:46:31.131Z] URL: /stats?date=2026-06-10, Method: GET, Auth: Bearer olKOQIMsKKba7..., Session: User: admin@school.com, Role: admin
[requireRole] URL: /stats?date=2026-06-10, context: true, user: true, role: admin, allowed: ["admin","guru"]
[2026-06-10T01:46:33.323Z] URL: /, Method: GET, Auth: Bearer olKOQIMsKKba7..., Session: User: admin@school.com, Role: admin
[requireRole] URL: /, context: true, user: true, role: admin, allowed: ["admin"]
[2026-06-10T01:46:48.750Z] URL: /import, Method: POST, Auth: Bearer olKOQIMsKKba7..., Session: User: admin@school.com, Role: admin
[requireRole] URL: /import, context: true, user: true, role: admin, allowed: ["admin"]
[2026-06-10T01:47:36.404Z] URL: /attendance?date=2026-06-10, Method: GET, Auth: Bearer olKOQIMsKKba7..., Session: User: admin@school.com, Role: admin
[requireRole] URL: /attendance?date=2026-06-10, context: true, user: true, role: admin, allowed: ["admin","guru"]
[2026-06-10T01:47:36.409Z] URL: /stats?date=2026-06-10, Method: GET, Auth: Bearer olKOQIMsKKba7..., Session: User: admin@school.com, Role: admin
[requireRole] URL: /stats?date=2026-06-10, context: true, user: true, role: admin, allowed: ["admin","guru"]
[2026-06-10T01:47:36.488Z] URL: /attendance?date=2026-06-10, Method: GET, Auth: Bearer olKOQIMsKKba7..., Session: User: admin@school.com, Role: admin
[requireRole] URL: /attendance?date=2026-06-10, context: true, user: true, role: admin, allowed: ["admin","guru"]
[2026-06-10T01:47:36.506Z] URL: /stats?date=2026-06-10, Method: GET, Auth: Bearer olKOQIMsKKba7..., Session: User: admin@school.com, Role: admin
[requireRole] URL: /stats?date=2026-06-10, context: true, user: true, role: admin, allowed: ["admin","guru"]
[2026-06-10T01:47:38.221Z] URL: /, Method: GET, Auth: Bearer olKOQIMsKKba7..., Session: User: admin@school.com, Role: admin
[requireRole] URL: /, context: true, user: true, role: admin, allowed: ["admin"]
[2026-06-10T01:48:01.464Z] URL: /api/users/import, Method: POST, Auth: Bearer olKOQIMsKKba7..., Session: User: admin@school.com, Role: admin
[requireRole] URL: /api/users/import, context: true, user: true, role: admin, allowed: ["admin"]
[2026-06-10T01:48:01.987Z] URL: /, Method: GET, Auth: Bearer olKOQIMsKKba7..., Session: User: admin@school.com, Role: admin
[requireRole] URL: /, context: true, user: true, role: admin, allowed: ["admin"]
[2026-06-10T01:48:11.884Z] URL: /stats?date=2026-06-10, Method: GET, Auth: Bearer olKOQIMsKKba7..., Session: User: admin@school.com, Role: admin
[requireRole] URL: /stats?date=2026-06-10, context: true, user: true, role: admin, allowed: ["admin","guru"]
[2026-06-10T01:48:11.925Z] URL: /attendance?date=2026-06-10, Method: GET, Auth: Bearer olKOQIMsKKba7..., Session: User: admin@school.com, Role: admin
[requireRole] URL: /attendance?date=2026-06-10, context: true, user: true, role: admin, allowed: ["admin","guru"]
[2026-06-10T01:48:11.957Z] URL: /stats?date=2026-06-10, Method: GET, Auth: Bearer olKOQIMsKKba7..., Session: User: admin@school.com, Role: admin
[requireRole] URL: /stats?date=2026-06-10, context: true, user: true, role: admin, allowed: ["admin","guru"]
[2026-06-10T01:48:11.970Z] URL: /attendance?date=2026-06-10, Method: GET, Auth: Bearer olKOQIMsKKba7..., Session: User: admin@school.com, Role: admin
[requireRole] URL: /attendance?date=2026-06-10, context: true, user: true, role: admin, allowed: ["admin","guru"]
[2026-06-10T01:48:13.561Z] URL: /, Method: GET, Auth: Bearer olKOQIMsKKba7..., Session: User: admin@school.com, Role: admin
[requireRole] URL: /, context: true, user: true, role: admin, allowed: ["admin"]
[2026-06-10T01:58:43.805Z] URL: /stats?date=2026-06-10, Method: GET, Auth: Bearer SS14KYIlBdRrg..., Session: User: najwa@gmail.com, Role: guru
[requireRole] URL: /stats?date=2026-06-10, context: true, user: true, role: guru, allowed: ["admin","guru"]
[2026-06-10T01:58:43.824Z] URL: /attendance?date=2026-06-10, Method: GET, Auth: Bearer SS14KYIlBdRrg..., Session: User: najwa@gmail.com, Role: guru
[requireRole] URL: /attendance?date=2026-06-10, context: true, user: true, role: guru, allowed: ["admin","guru"]
[2026-06-10T01:58:43.872Z] URL: /stats?date=2026-06-10, Method: GET, Auth: Bearer SS14KYIlBdRrg..., Session: User: najwa@gmail.com, Role: guru
[requireRole] URL: /stats?date=2026-06-10, context: true, user: true, role: guru, allowed: ["admin","guru"]
[2026-06-10T01:58:43.889Z] URL: /attendance?date=2026-06-10, Method: GET, Auth: Bearer SS14KYIlBdRrg..., Session: User: najwa@gmail.com, Role: guru
[requireRole] URL: /attendance?date=2026-06-10, context: true, user: true, role: guru, allowed: ["admin","guru"]
[2026-06-10T01:58:49.449Z] URL: /, Method: GET, Auth: Bearer SS14KYIlBdRrg..., Session: User: najwa@gmail.com, Role: guru
[requireRole] URL: /, context: true, user: true, role: guru, allowed: ["admin"]
[2026-06-10T01:58:50.028Z] URL: /, Method: GET, Auth: Bearer SS14KYIlBdRrg..., Session: User: najwa@gmail.com, Role: guru
[requireRole] URL: /, context: true, user: true, role: guru, allowed: ["admin"]
[2026-06-10T01:58:51.210Z] URL: /, Method: GET, Auth: Bearer SS14KYIlBdRrg..., Session: User: najwa@gmail.com, Role: guru
[requireRole] URL: /, context: true, user: true, role: guru, allowed: ["admin"]
[2026-06-10T01:58:53.654Z] URL: /, Method: GET, Auth: Bearer SS14KYIlBdRrg..., Session: User: najwa@gmail.com, Role: guru
[requireRole] URL: /, context: true, user: true, role: guru, allowed: ["admin"]
[2026-06-10T01:58:55.851Z] URL: /, Method: GET, Auth: Bearer SS14KYIlBdRrg..., Session: User: najwa@gmail.com, Role: guru
[requireRole] URL: /, context: true, user: true, role: guru, allowed: ["admin"]
[2026-06-10T01:58:55.868Z] URL: /, Method: GET, Auth: Bearer SS14KYIlBdRrg..., Session: User: najwa@gmail.com, Role: guru
[requireRole] URL: /, context: true, user: true, role: guru, allowed: ["admin"]
[2026-06-10T01:58:55.884Z] URL: /, Method: GET, Auth: Bearer SS14KYIlBdRrg..., Session: User: najwa@gmail.com, Role: guru
[requireRole] URL: /, context: true, user: true, role: guru, allowed: ["admin"]
[2026-06-10T01:58:56.971Z] URL: /, Method: GET, Auth: Bearer SS14KYIlBdRrg..., Session: User: najwa@gmail.com, Role: guru
[requireRole] URL: /, context: true, user: true, role: guru, allowed: ["admin"]
[2026-06-10T01:58:56.989Z] URL: /, Method: GET, Auth: Bearer SS14KYIlBdRrg..., Session: User: najwa@gmail.com, Role: guru
[requireRole] URL: /, context: true, user: true, role: guru, allowed: ["admin"]
[2026-06-10T01:58:57.006Z] URL: /, Method: GET, Auth: Bearer SS14KYIlBdRrg..., Session: User: najwa@gmail.com, Role: guru
[requireRole] URL: /, context: true, user: true, role: guru, allowed: ["admin"]
[2026-06-10T01:59:06.448Z] URL: /, Method: GET, Auth: Bearer SS14KYIlBdRrg..., Session: User: najwa@gmail.com, Role: guru
[requireRole] URL: /, context: true, user: true, role: guru, allowed: ["admin"]
[2026-06-10T01:59:08.192Z] URL: /, Method: GET, Auth: Bearer SS14KYIlBdRrg..., Session: User: najwa@gmail.com, Role: guru
[requireRole] URL: /, context: true, user: true, role: guru, allowed: ["admin"]
[2026-06-10T01:59:08.775Z] URL: /, Method: GET, Auth: Bearer SS14KYIlBdRrg..., Session: User: najwa@gmail.com, Role: guru
[requireRole] URL: /, context: true, user: true, role: guru, allowed: ["admin"]
[2026-06-10T01:59:08.792Z] URL: /, Method: GET, Auth: Bearer SS14KYIlBdRrg..., Session: User: najwa@gmail.com, Role: guru
[requireRole] URL: /, context: true, user: true, role: guru, allowed: ["admin"]
[2026-06-10T01:59:08.810Z] URL: /, Method: GET, Auth: Bearer SS14KYIlBdRrg..., Session: User: najwa@gmail.com, Role: guru
[requireRole] URL: /, context: true, user: true, role: guru, allowed: ["admin"]
[2026-06-10T01:59:09.356Z] URL: /stats?date=2026-06-10, Method: GET, Auth: Bearer SS14KYIlBdRrg..., Session: User: najwa@gmail.com, Role: guru
[requireRole] URL: /stats?date=2026-06-10, context: true, user: true, role: guru, allowed: ["admin","guru"]
[2026-06-10T01:59:09.359Z] URL: /attendance?date=2026-06-10, Method: GET, Auth: Bearer SS14KYIlBdRrg..., Session: User: najwa@gmail.com, Role: guru
[requireRole] URL: /attendance?date=2026-06-10, context: true, user: true, role: guru, allowed: ["admin","guru"]
[2026-06-10T01:59:12.709Z] URL: /, Method: GET, Auth: Bearer SS14KYIlBdRrg..., Session: User: najwa@gmail.com, Role: guru
[requireRole] URL: /, context: true, user: true, role: guru, allowed: ["admin"]
[2026-06-10T01:59:12.725Z] URL: /, Method: GET, Auth: Bearer SS14KYIlBdRrg..., Session: User: najwa@gmail.com, Role: guru
[requireRole] URL: /, context: true, user: true, role: guru, allowed: ["admin"]
[2026-06-10T01:59:12.743Z] URL: /, Method: GET, Auth: Bearer SS14KYIlBdRrg..., Session: User: najwa@gmail.com, Role: guru
[requireRole] URL: /, context: true, user: true, role: guru, allowed: ["admin"]
[2026-06-10T15:24:22.902Z] URL: /stats?date=2026-06-10, Method: GET, Auth: Bearer QdUI9g39eWnns..., Session: User: admin@school.com, Role: admin
[requireRole] URL: /stats?date=2026-06-10, context: true, user: true, role: admin, allowed: ["admin","guru"]
[2026-06-10T15:24:22.931Z] URL: /attendance?date=2026-06-10, Method: GET, Auth: Bearer QdUI9g39eWnns..., Session: User: admin@school.com, Role: admin
[requireRole] URL: /attendance?date=2026-06-10, context: true, user: true, role: admin, allowed: ["admin","guru"]
[2026-06-10T15:24:22.937Z] URL: /, Method: GET, Auth: Bearer QdUI9g39eWnns..., Session: User: admin@school.com, Role: admin
[requireRole] URL: /, context: true, user: true, role: admin, allowed: ["admin"]
[2026-06-10T15:24:23.001Z] URL: /attendance?date=2026-06-10, Method: GET, Auth: Bearer QdUI9g39eWnns..., Session: User: admin@school.com, Role: admin
[requireRole] URL: /attendance?date=2026-06-10, context: true, user: true, role: admin, allowed: ["admin","guru"]
[2026-06-10T15:24:23.004Z] URL: /, Method: GET, Auth: Bearer QdUI9g39eWnns..., Session: User: admin@school.com, Role: admin
[requireRole] URL: /, context: true, user: true, role: admin, allowed: ["admin"]
[2026-06-10T15:24:23.018Z] URL: /stats?date=2026-06-10, Method: GET, Auth: Bearer QdUI9g39eWnns..., Session: User: admin@school.com, Role: admin
[requireRole] URL: /stats?date=2026-06-10, context: true, user: true, role: admin, allowed: ["admin","guru"]
[2026-06-10T15:24:23.035Z] URL: /attendance?date=2026-06-10, Method: GET, Auth: Bearer QdUI9g39eWnns..., Session: User: admin@school.com, Role: admin
[requireRole] URL: /attendance?date=2026-06-10, context: true, user: true, role: admin, allowed: ["admin","guru"]
[2026-06-10T15:24:23.050Z] URL: /stats?date=2026-06-10, Method: GET, Auth: Bearer QdUI9g39eWnns..., Session: User: admin@school.com, Role: admin
[requireRole] URL: /stats?date=2026-06-10, context: true, user: true, role: admin, allowed: ["admin","guru"]
[2026-06-10T15:24:23.065Z] URL: /attendance?date=2026-06-10, Method: GET, Auth: Bearer QdUI9g39eWnns..., Session: User: admin@school.com, Role: admin
[requireRole] URL: /attendance?date=2026-06-10, context: true, user: true, role: admin, allowed: ["admin","guru"]
[2026-06-10T15:24:23.073Z] URL: /stats?date=2026-06-10, Method: GET, Auth: Bearer QdUI9g39eWnns..., Session: User: admin@school.com, Role: admin
[requireRole] URL: /stats?date=2026-06-10, context: true, user: true, role: admin, allowed: ["admin","guru"]
[2026-06-10T15:24:34.921Z] URL: /, Method: GET, Auth: Bearer QdUI9g39eWnns..., Session: User: admin@school.com, Role: admin
[requireRole] URL: /, context: true, user: true, role: admin, allowed: ["admin"]
[2026-06-10T15:24:34.941Z] URL: /, Method: GET, Auth: Bearer QdUI9g39eWnns..., Session: User: admin@school.com, Role: admin
[requireRole] URL: /, context: true, user: true, role: admin, allowed: ["admin"]
[2026-06-10T15:24:34.959Z] URL: /, Method: GET, Auth: Bearer QdUI9g39eWnns..., Session: User: admin@school.com, Role: admin
[requireRole] URL: /, context: true, user: true, role: admin, allowed: ["admin"]
[2026-06-10T15:24:38.551Z] URL: /, Method: GET, Auth: Bearer QdUI9g39eWnns..., Session: User: admin@school.com, Role: admin
[requireRole] URL: /, context: true, user: true, role: admin, allowed: ["admin"]
[2026-06-10T15:24:38.583Z] URL: /, Method: GET, Auth: Bearer QdUI9g39eWnns..., Session: User: admin@school.com, Role: admin
[requireRole] URL: /, context: true, user: true, role: admin, allowed: ["admin"]
[2026-06-10T15:24:38.607Z] URL: /, Method: GET, Auth: Bearer QdUI9g39eWnns..., Session: User: admin@school.com, Role: admin
[requireRole] URL: /, context: true, user: true, role: admin, allowed: ["admin"]
[2026-06-10T15:24:41.524Z] URL: /, Method: GET, Auth: Bearer QdUI9g39eWnns..., Session: User: admin@school.com, Role: admin
[requireRole] URL: /, context: true, user: true, role: admin, allowed: ["admin"]
[2026-06-10T15:24:41.538Z] URL: /, Method: GET, Auth: Bearer QdUI9g39eWnns..., Session: User: admin@school.com, Role: admin
[requireRole] URL: /, context: true, user: true, role: admin, allowed: ["admin"]
[2026-06-10T15:24:41.541Z] URL: /, Method: GET, Auth: Bearer QdUI9g39eWnns..., Session: User: admin@school.com, Role: admin
[requireRole] URL: /, context: true, user: true, role: admin, allowed: ["admin"]
[2026-06-10T15:24:41.569Z] URL: /, Method: GET, Auth: Bearer QdUI9g39eWnns..., Session: User: admin@school.com, Role: admin
[requireRole] URL: /, context: true, user: true, role: admin, allowed: ["admin"]
[2026-06-10T15:24:41.581Z] URL: /, Method: GET, Auth: Bearer QdUI9g39eWnns..., Session: User: admin@school.com, Role: admin
[requireRole] URL: /, context: true, user: true, role: admin, allowed: ["admin"]
[2026-06-10T15:24:41.585Z] URL: /, Method: GET, Auth: Bearer QdUI9g39eWnns..., Session: User: admin@school.com, Role: admin
[requireRole] URL: /, context: true, user: true, role: admin, allowed: ["admin"]
[2026-06-10T15:24:41.603Z] URL: /, Method: GET, Auth: Bearer QdUI9g39eWnns..., Session: User: admin@school.com, Role: admin
[requireRole] URL: /, context: true, user: true, role: admin, allowed: ["admin"]
[2026-06-10T15:24:44.676Z] URL: /, Method: GET, Auth: Bearer QdUI9g39eWnns..., Session: User: admin@school.com, Role: admin
[requireRole] URL: /, context: true, user: true, role: admin, allowed: ["admin"]
[2026-06-10T15:24:44.679Z] URL: /, Method: GET, Auth: Bearer QdUI9g39eWnns..., Session: User: admin@school.com, Role: admin
[requireRole] URL: /, context: true, user: true, role: admin, allowed: ["admin"]
[2026-06-10T15:24:44.681Z] URL: /, Method: GET, Auth: Bearer QdUI9g39eWnns..., Session: User: admin@school.com, Role: admin
[requireRole] URL: /, context: true, user: true, role: admin, allowed: ["admin"]
[2026-06-10T15:24:44.710Z] URL: /, Method: GET, Auth: Bearer QdUI9g39eWnns..., Session: User: admin@school.com, Role: admin
[requireRole] URL: /, context: true, user: true, role: admin, allowed: ["admin"]
[2026-06-10T15:24:44.713Z] URL: /, Method: GET, Auth: Bearer QdUI9g39eWnns..., Session: User: admin@school.com, Role: admin
[requireRole] URL: /, context: true, user: true, role: admin, allowed: ["admin"]
[2026-06-10T15:24:44.716Z] URL: /, Method: GET, Auth: Bearer QdUI9g39eWnns..., Session: User: admin@school.com, Role: admin
[requireRole] URL: /, context: true, user: true, role: admin, allowed: ["admin"]
[2026-06-10T15:24:44.736Z] URL: /, Method: GET, Auth: Bearer QdUI9g39eWnns..., Session: User: admin@school.com, Role: admin
[requireRole] URL: /, context: true, user: true, role: admin, allowed: ["admin"]
[2026-06-10T15:25:06.196Z] URL: /stats?date=2026-06-10, Method: GET, Auth: Bearer QdUI9g39eWnns..., Session: User: admin@school.com, Role: admin
[requireRole] URL: /stats?date=2026-06-10, context: true, user: true, role: admin, allowed: ["admin","guru"]
[2026-06-10T15:25:06.218Z] URL: /attendance?date=2026-06-10, Method: GET, Auth: Bearer QdUI9g39eWnns..., Session: User: admin@school.com, Role: admin
[requireRole] URL: /attendance?date=2026-06-10, context: true, user: true, role: admin, allowed: ["admin","guru"]
[2026-06-10T15:25:06.225Z] URL: /, Method: GET, Auth: Bearer QdUI9g39eWnns..., Session: User: admin@school.com, Role: admin
[requireRole] URL: /, context: true, user: true, role: admin, allowed: ["admin"]
[2026-06-10T15:25:06.241Z] URL: /stats?date=2026-06-10, Method: GET, Auth: Bearer QdUI9g39eWnns..., Session: User: admin@school.com, Role: admin
[requireRole] URL: /stats?date=2026-06-10, context: true, user: true, role: admin, allowed: ["admin","guru"]
[2026-06-10T15:25:06.252Z] URL: /attendance?date=2026-06-10, Method: GET, Auth: Bearer QdUI9g39eWnns..., Session: User: admin@school.com, Role: admin
[requireRole] URL: /attendance?date=2026-06-10, context: true, user: true, role: admin, allowed: ["admin","guru"]
[2026-06-10T15:25:06.265Z] URL: /, Method: GET, Auth: Bearer QdUI9g39eWnns..., Session: User: admin@school.com, Role: admin
[requireRole] URL: /, context: true, user: true, role: admin, allowed: ["admin"]
[2026-06-10T15:25:06.276Z] URL: /stats?date=2026-06-10, Method: GET, Auth: Bearer QdUI9g39eWnns..., Session: User: admin@school.com, Role: admin
[requireRole] URL: /stats?date=2026-06-10, context: true, user: true, role: admin, allowed: ["admin","guru"]
[2026-06-10T15:25:06.283Z] URL: /attendance?date=2026-06-10, Method: GET, Auth: Bearer QdUI9g39eWnns..., Session: User: admin@school.com, Role: admin
[requireRole] URL: /attendance?date=2026-06-10, context: true, user: true, role: admin, allowed: ["admin","guru"]
[2026-06-10T15:25:06.297Z] URL: /stats?date=2026-06-10, Method: GET, Auth: Bearer QdUI9g39eWnns..., Session: User: admin@school.com, Role: admin
[requireRole] URL: /stats?date=2026-06-10, context: true, user: true, role: admin, allowed: ["admin","guru"]
[2026-06-10T15:25:06.308Z] URL: /attendance?date=2026-06-10, Method: GET, Auth: Bearer QdUI9g39eWnns..., Session: User: admin@school.com, Role: admin
[requireRole] URL: /attendance?date=2026-06-10, context: true, user: true, role: admin, allowed: ["admin","guru"]
[2026-06-10T15:25:07.496Z] URL: /, Method: GET, Auth: Bearer QdUI9g39eWnns..., Session: User: admin@school.com, Role: admin
[requireRole] URL: /, context: true, user: true, role: admin, allowed: ["admin"]
[2026-06-10T15:25:07.516Z] URL: /, Method: GET, Auth: Bearer QdUI9g39eWnns..., Session: User: admin@school.com, Role: admin
[requireRole] URL: /, context: true, user: true, role: admin, allowed: ["admin"]
[2026-06-10T15:25:07.534Z] URL: /, Method: GET, Auth: Bearer QdUI9g39eWnns..., Session: User: admin@school.com, Role: admin
[requireRole] URL: /, context: true, user: true, role: admin, allowed: ["admin"]
[2026-06-10T15:25:08.100Z] URL: /, Method: GET, Auth: Bearer QdUI9g39eWnns..., Session: User: admin@school.com, Role: admin
[requireRole] URL: /, context: true, user: true, role: admin, allowed: ["admin"]
[2026-06-10T15:25:08.114Z] URL: /, Method: GET, Auth: Bearer QdUI9g39eWnns..., Session: User: admin@school.com, Role: admin
[requireRole] URL: /, context: true, user: true, role: admin, allowed: ["admin"]
[2026-06-10T15:25:08.127Z] URL: /, Method: GET, Auth: Bearer QdUI9g39eWnns..., Session: User: admin@school.com, Role: admin
[requireRole] URL: /, context: true, user: true, role: admin, allowed: ["admin"]
[2026-06-10T15:25:08.630Z] URL: /, Method: GET, Auth: Bearer QdUI9g39eWnns..., Session: User: admin@school.com, Role: admin
[requireRole] URL: /, context: true, user: true, role: admin, allowed: ["admin"]
[2026-06-10T15:25:08.632Z] URL: /, Method: GET, Auth: Bearer QdUI9g39eWnns..., Session: User: admin@school.com, Role: admin
[requireRole] URL: /, context: true, user: true, role: admin, allowed: ["admin"]
[2026-06-10T15:25:08.633Z] URL: /, Method: GET, Auth: Bearer QdUI9g39eWnns..., Session: User: admin@school.com, Role: admin
[requireRole] URL: /, context: true, user: true, role: admin, allowed: ["admin"]
[2026-06-10T15:25:08.652Z] URL: /, Method: GET, Auth: Bearer QdUI9g39eWnns..., Session: User: admin@school.com, Role: admin
[requireRole] URL: /, context: true, user: true, role: admin, allowed: ["admin"]
[2026-06-10T15:25:08.669Z] URL: /, Method: GET, Auth: Bearer QdUI9g39eWnns..., Session: User: admin@school.com, Role: admin
[requireRole] URL: /, context: true, user: true, role: admin, allowed: ["admin"]
[2026-06-10T15:25:08.675Z] URL: /, Method: GET, Auth: Bearer QdUI9g39eWnns..., Session: User: admin@school.com, Role: admin
[requireRole] URL: /, context: true, user: true, role: admin, allowed: ["admin"]
[2026-06-10T15:25:08.684Z] URL: /, Method: GET, Auth: Bearer QdUI9g39eWnns..., Session: User: admin@school.com, Role: admin
[requireRole] URL: /, context: true, user: true, role: admin, allowed: ["admin"]
[2026-06-10T15:25:09.129Z] URL: /, Method: GET, Auth: Bearer QdUI9g39eWnns..., Session: User: admin@school.com, Role: admin
[requireRole] URL: /, context: true, user: true, role: admin, allowed: ["admin"]
[2026-06-10T15:25:09.131Z] URL: /, Method: GET, Auth: Bearer QdUI9g39eWnns..., Session: User: admin@school.com, Role: admin
[requireRole] URL: /, context: true, user: true, role: admin, allowed: ["admin"]
[2026-06-10T15:25:09.133Z] URL: /, Method: GET, Auth: Bearer QdUI9g39eWnns..., Session: User: admin@school.com, Role: admin
[requireRole] URL: /, context: true, user: true, role: admin, allowed: ["admin"]
[2026-06-10T15:25:09.152Z] URL: /, Method: GET, Auth: Bearer QdUI9g39eWnns..., Session: User: admin@school.com, Role: admin
[requireRole] URL: /, context: true, user: true, role: admin, allowed: ["admin"]
[2026-06-10T15:25:09.168Z] URL: /, Method: GET, Auth: Bearer QdUI9g39eWnns..., Session: User: admin@school.com, Role: admin
[requireRole] URL: /, context: true, user: true, role: admin, allowed: ["admin"]
[2026-06-10T15:25:09.174Z] URL: /, Method: GET, Auth: Bearer QdUI9g39eWnns..., Session: User: admin@school.com, Role: admin
[requireRole] URL: /, context: true, user: true, role: admin, allowed: ["admin"]
[2026-06-10T15:25:09.183Z] URL: /, Method: GET, Auth: Bearer QdUI9g39eWnns..., Session: User: admin@school.com, Role: admin
[requireRole] URL: /, context: true, user: true, role: admin, allowed: ["admin"]
[2026-06-10T15:25:18.380Z] URL: /stats?date=2026-06-10, Method: GET, Auth: Bearer QdUI9g39eWnns..., Session: User: admin@school.com, Role: admin
[requireRole] URL: /stats?date=2026-06-10, context: true, user: true, role: admin, allowed: ["admin","guru"]
[2026-06-10T15:25:18.397Z] URL: /attendance?date=2026-06-10, Method: GET, Auth: Bearer QdUI9g39eWnns..., Session: User: admin@school.com, Role: admin
[requireRole] URL: /attendance?date=2026-06-10, context: true, user: true, role: admin, allowed: ["admin","guru"]
[2026-06-10T15:25:18.404Z] URL: /, Method: GET, Auth: Bearer QdUI9g39eWnns..., Session: User: admin@school.com, Role: admin
[requireRole] URL: /, context: true, user: true, role: admin, allowed: ["admin"]
[2026-06-10T15:25:18.429Z] URL: /stats?date=2026-06-10, Method: GET, Auth: Bearer QdUI9g39eWnns..., Session: User: admin@school.com, Role: admin
[requireRole] URL: /stats?date=2026-06-10, context: true, user: true, role: admin, allowed: ["admin","guru"]
[2026-06-10T15:25:18.435Z] URL: /attendance?date=2026-06-10, Method: GET, Auth: Bearer QdUI9g39eWnns..., Session: User: admin@school.com, Role: admin
[requireRole] URL: /attendance?date=2026-06-10, context: true, user: true, role: admin, allowed: ["admin","guru"]
[2026-06-10T15:25:18.450Z] URL: /, Method: GET, Auth: Bearer QdUI9g39eWnns..., Session: User: admin@school.com, Role: admin
[requireRole] URL: /, context: true, user: true, role: admin, allowed: ["admin"]
[2026-06-10T15:25:18.468Z] URL: /stats?date=2026-06-10, Method: GET, Auth: Bearer QdUI9g39eWnns..., Session: User: admin@school.com, Role: admin
[requireRole] URL: /stats?date=2026-06-10, context: true, user: true, role: admin, allowed: ["admin","guru"]
[2026-06-10T15:25:18.478Z] URL: /attendance?date=2026-06-10, Method: GET, Auth: Bearer QdUI9g39eWnns..., Session: User: admin@school.com, Role: admin
[requireRole] URL: /attendance?date=2026-06-10, context: true, user: true, role: admin, allowed: ["admin","guru"]
[2026-06-10T15:25:18.492Z] URL: /stats?date=2026-06-10, Method: GET, Auth: Bearer QdUI9g39eWnns..., Session: User: admin@school.com, Role: admin
[requireRole] URL: /stats?date=2026-06-10, context: true, user: true, role: admin, allowed: ["admin","guru"]
[2026-06-10T15:25:18.500Z] URL: /attendance?date=2026-06-10, Method: GET, Auth: Bearer QdUI9g39eWnns..., Session: User: admin@school.com, Role: admin
[requireRole] URL: /attendance?date=2026-06-10, context: true, user: true, role: admin, allowed: ["admin","guru"]
[2026-06-10T15:26:57.728Z] URL: /, Method: GET, Auth: Bearer QdUI9g39eWnns..., Session: User: admin@school.com, Role: admin
[requireRole] URL: /, context: true, user: true, role: admin, allowed: ["admin"]
[2026-06-10T15:26:57.760Z] URL: /, Method: GET, Auth: Bearer QdUI9g39eWnns..., Session: User: admin@school.com, Role: admin
[requireRole] URL: /, context: true, user: true, role: admin, allowed: ["admin"]
[2026-06-10T15:26:57.771Z] URL: /, Method: GET, Auth: Bearer QdUI9g39eWnns..., Session: User: admin@school.com, Role: admin
[requireRole] URL: /, context: true, user: true, role: admin, allowed: ["admin"]
[2026-06-10T15:27:07.379Z] URL: /, Method: GET, Auth: Bearer QdUI9g39eWnns..., Session: User: admin@school.com, Role: admin
[requireRole] URL: /, context: true, user: true, role: admin, allowed: ["admin"]
[2026-06-10T15:27:07.381Z] URL: /, Method: GET, Auth: Bearer QdUI9g39eWnns..., Session: User: admin@school.com, Role: admin
[requireRole] URL: /, context: true, user: true, role: admin, allowed: ["admin"]
[2026-06-10T15:27:07.383Z] URL: /, Method: GET, Auth: Bearer QdUI9g39eWnns..., Session: User: admin@school.com, Role: admin
[requireRole] URL: /, context: true, user: true, role: admin, allowed: ["admin"]
[2026-06-10T15:27:07.413Z] URL: /, Method: GET, Auth: Bearer QdUI9g39eWnns..., Session: User: admin@school.com, Role: admin
[requireRole] URL: /, context: true, user: true, role: admin, allowed: ["admin"]
[2026-06-10T15:27:07.424Z] URL: /, Method: GET, Auth: Bearer QdUI9g39eWnns..., Session: User: admin@school.com, Role: admin
[requireRole] URL: /, context: true, user: true, role: admin, allowed: ["admin"]
[2026-06-10T15:27:07.428Z] URL: /, Method: GET, Auth: Bearer QdUI9g39eWnns..., Session: User: admin@school.com, Role: admin
[requireRole] URL: /, context: true, user: true, role: admin, allowed: ["admin"]
[2026-06-10T15:27:07.436Z] URL: /, Method: GET, Auth: Bearer QdUI9g39eWnns..., Session: User: admin@school.com, Role: admin
[requireRole] URL: /, context: true, user: true, role: admin, allowed: ["admin"]
[2026-06-10T15:27:13.203Z] URL: /stats?date=2026-06-10, Method: GET, Auth: Bearer QdUI9g39eWnns..., Session: User: admin@school.com, Role: admin
[requireRole] URL: /stats?date=2026-06-10, context: true, user: true, role: admin, allowed: ["admin","guru"]
[2026-06-10T15:27:13.208Z] URL: /, Method: GET, Auth: Bearer QdUI9g39eWnns..., Session: User: admin@school.com, Role: admin
[requireRole] URL: /, context: true, user: true, role: admin, allowed: ["admin"]
[2026-06-10T15:27:13.210Z] URL: /attendance?date=2026-06-10, Method: GET, Auth: Bearer QdUI9g39eWnns..., Session: User: admin@school.com, Role: admin
[requireRole] URL: /attendance?date=2026-06-10, context: true, user: true, role: admin, allowed: ["admin","guru"]
[2026-06-10T15:27:13.236Z] URL: /stats?date=2026-06-10, Method: GET, Auth: Bearer QdUI9g39eWnns..., Session: User: admin@school.com, Role: admin
[requireRole] URL: /stats?date=2026-06-10, context: true, user: true, role: admin, allowed: ["admin","guru"]
[2026-06-10T15:27:13.251Z] URL: /, Method: GET, Auth: Bearer QdUI9g39eWnns..., Session: User: admin@school.com, Role: admin
[requireRole] URL: /, context: true, user: true, role: admin, allowed: ["admin"]
[2026-06-10T15:27:13.253Z] URL: /attendance?date=2026-06-10, Method: GET, Auth: Bearer QdUI9g39eWnns..., Session: User: admin@school.com, Role: admin
[requireRole] URL: /attendance?date=2026-06-10, context: true, user: true, role: admin, allowed: ["admin","guru"]
[2026-06-10T15:27:13.269Z] URL: /stats?date=2026-06-10, Method: GET, Auth: Bearer QdUI9g39eWnns..., Session: User: admin@school.com, Role: admin
[requireRole] URL: /stats?date=2026-06-10, context: true, user: true, role: admin, allowed: ["admin","guru"]
[2026-06-10T15:27:13.285Z] URL: /attendance?date=2026-06-10, Method: GET, Auth: Bearer QdUI9g39eWnns..., Session: User: admin@school.com, Role: admin
[requireRole] URL: /attendance?date=2026-06-10, context: true, user: true, role: admin, allowed: ["admin","guru"]
[2026-06-10T15:27:13.300Z] URL: /stats?date=2026-06-10, Method: GET, Auth: Bearer QdUI9g39eWnns..., Session: User: admin@school.com, Role: admin
[requireRole] URL: /stats?date=2026-06-10, context: true, user: true, role: admin, allowed: ["admin","guru"]
[2026-06-10T15:27:13.312Z] URL: /attendance?date=2026-06-10, Method: GET, Auth: Bearer QdUI9g39eWnns..., Session: User: admin@school.com, Role: admin
[requireRole] URL: /attendance?date=2026-06-10, context: true, user: true, role: admin, allowed: ["admin","guru"]
[2026-06-10T15:27:21.056Z] URL: /, Method: GET, Auth: Bearer QdUI9g39eWnns..., Session: User: admin@school.com, Role: admin
[requireRole] URL: /, context: true, user: true, role: admin, allowed: ["admin"]
[2026-06-10T15:27:21.068Z] URL: /, Method: GET, Auth: Bearer QdUI9g39eWnns..., Session: User: admin@school.com, Role: admin
[requireRole] URL: /, context: true, user: true, role: admin, allowed: ["admin"]
[2026-06-10T15:27:21.084Z] URL: /, Method: GET, Auth: Bearer QdUI9g39eWnns..., Session: User: admin@school.com, Role: admin
[requireRole] URL: /, context: true, user: true, role: admin, allowed: ["admin"]
[2026-06-10T15:27:23.379Z] URL: /, Method: GET, Auth: Bearer QdUI9g39eWnns..., Session: User: admin@school.com, Role: admin
[requireRole] URL: /, context: true, user: true, role: admin, allowed: ["admin"]
[2026-06-10T15:27:23.381Z] URL: /, Method: GET, Auth: Bearer QdUI9g39eWnns..., Session: User: admin@school.com, Role: admin
[requireRole] URL: /, context: true, user: true, role: admin, allowed: ["admin"]
[2026-06-10T15:27:23.383Z] URL: /, Method: GET, Auth: Bearer QdUI9g39eWnns..., Session: User: admin@school.com, Role: admin
[requireRole] URL: /, context: true, user: true, role: admin, allowed: ["admin"]
[2026-06-10T15:27:23.408Z] URL: /, Method: GET, Auth: Bearer QdUI9g39eWnns..., Session: User: admin@school.com, Role: admin
[requireRole] URL: /, context: true, user: true, role: admin, allowed: ["admin"]
[2026-06-10T15:27:23.414Z] URL: /, Method: GET, Auth: Bearer QdUI9g39eWnns..., Session: User: admin@school.com, Role: admin
[requireRole] URL: /, context: true, user: true, role: admin, allowed: ["admin"]
[2026-06-10T15:27:23.424Z] URL: /, Method: GET, Auth: Bearer QdUI9g39eWnns..., Session: User: admin@school.com, Role: admin
[requireRole] URL: /, context: true, user: true, role: admin, allowed: ["admin"]
[2026-06-10T15:27:23.432Z] URL: /, Method: GET, Auth: Bearer QdUI9g39eWnns..., Session: User: admin@school.com, Role: admin
[requireRole] URL: /, context: true, user: true, role: admin, allowed: ["admin"]
[2026-06-10T15:28:57.191Z] URL: /, Method: GET, Auth: Bearer QdUI9g39eWnns..., Session: User: admin@school.com, Role: admin
[requireRole] URL: /, context: true, user: true, role: admin, allowed: ["admin"]
[2026-06-10T15:28:57.223Z] URL: /, Method: GET, Auth: Bearer QdUI9g39eWnns..., Session: User: admin@school.com, Role: admin
[requireRole] URL: /, context: true, user: true, role: admin, allowed: ["admin"]
[2026-06-10T15:28:57.265Z] URL: /, Method: GET, Auth: Bearer QdUI9g39eWnns..., Session: User: admin@school.com, Role: admin
[requireRole] URL: /, context: true, user: true, role: admin, allowed: ["admin"]
[2026-06-10T15:29:02.242Z] URL: /, Method: GET, Auth: Bearer QdUI9g39eWnns..., Session: User: admin@school.com, Role: admin
[requireRole] URL: /, context: true, user: true, role: admin, allowed: ["admin"]
[2026-06-10T15:29:02.245Z] URL: /, Method: GET, Auth: Bearer QdUI9g39eWnns..., Session: User: admin@school.com, Role: admin
[requireRole] URL: /, context: true, user: true, role: admin, allowed: ["admin"]
[2026-06-10T15:29:02.247Z] URL: /, Method: GET, Auth: Bearer QdUI9g39eWnns..., Session: User: admin@school.com, Role: admin
[requireRole] URL: /, context: true, user: true, role: admin, allowed: ["admin"]
[2026-06-10T15:29:02.263Z] URL: /, Method: GET, Auth: Bearer QdUI9g39eWnns..., Session: User: admin@school.com, Role: admin
[requireRole] URL: /, context: true, user: true, role: admin, allowed: ["admin"]
[2026-06-10T15:29:02.275Z] URL: /, Method: GET, Auth: Bearer QdUI9g39eWnns..., Session: User: admin@school.com, Role: admin
[requireRole] URL: /, context: true, user: true, role: admin, allowed: ["admin"]
[2026-06-10T15:29:02.280Z] URL: /, Method: GET, Auth: Bearer QdUI9g39eWnns..., Session: User: admin@school.com, Role: admin
[requireRole] URL: /, context: true, user: true, role: admin, allowed: ["admin"]
[2026-06-10T15:29:02.296Z] URL: /, Method: GET, Auth: Bearer QdUI9g39eWnns..., Session: User: admin@school.com, Role: admin
[requireRole] URL: /, context: true, user: true, role: admin, allowed: ["admin"]
[2026-06-10T15:29:03.493Z] URL: /, Method: GET, Auth: Bearer QdUI9g39eWnns..., Session: User: admin@school.com, Role: admin
[requireRole] URL: /, context: true, user: true, role: admin, allowed: ["admin"]
[2026-06-10T15:29:03.503Z] URL: /, Method: GET, Auth: Bearer QdUI9g39eWnns..., Session: User: admin@school.com, Role: admin
[requireRole] URL: /, context: true, user: true, role: admin, allowed: ["admin"]
[2026-06-10T15:29:03.514Z] URL: /, Method: GET, Auth: Bearer QdUI9g39eWnns..., Session: User: admin@school.com, Role: admin
[requireRole] URL: /, context: true, user: true, role: admin, allowed: ["admin"]
[2026-06-10T15:29:06.052Z] URL: /, Method: GET, Auth: Bearer QdUI9g39eWnns..., Session: User: admin@school.com, Role: admin
[requireRole] URL: /, context: true, user: true, role: admin, allowed: ["admin"]
[2026-06-10T15:29:06.055Z] URL: /, Method: GET, Auth: Bearer QdUI9g39eWnns..., Session: User: admin@school.com, Role: admin
[requireRole] URL: /, context: true, user: true, role: admin, allowed: ["admin"]
[2026-06-10T15:29:06.058Z] URL: /, Method: GET, Auth: Bearer QdUI9g39eWnns..., Session: User: admin@school.com, Role: admin
[requireRole] URL: /, context: true, user: true, role: admin, allowed: ["admin"]
[2026-06-10T15:29:06.079Z] URL: /, Method: GET, Auth: Bearer QdUI9g39eWnns..., Session: User: admin@school.com, Role: admin
[requireRole] URL: /, context: true, user: true, role: admin, allowed: ["admin"]
[2026-06-10T15:29:06.085Z] URL: /, Method: GET, Auth: Bearer QdUI9g39eWnns..., Session: User: admin@school.com, Role: admin
[requireRole] URL: /, context: true, user: true, role: admin, allowed: ["admin"]
[2026-06-10T15:29:06.094Z] URL: /, Method: GET, Auth: Bearer QdUI9g39eWnns..., Session: User: admin@school.com, Role: admin
[requireRole] URL: /, context: true, user: true, role: admin, allowed: ["admin"]
[2026-06-10T15:29:06.101Z] URL: /, Method: GET, Auth: Bearer QdUI9g39eWnns..., Session: User: admin@school.com, Role: admin
[requireRole] URL: /, context: true, user: true, role: admin, allowed: ["admin"]
[2026-06-10T15:29:54.986Z] URL: /stats?date=2026-06-10, Method: GET, Auth: Bearer QdUI9g39eWnns..., Session: User: admin@school.com, Role: admin
[requireRole] URL: /stats?date=2026-06-10, context: true, user: true, role: admin, allowed: ["admin","guru"]
[2026-06-10T15:29:55.028Z] URL: /attendance?date=2026-06-10, Method: GET, Auth: Bearer QdUI9g39eWnns..., Session: User: admin@school.com, Role: admin
[requireRole] URL: /attendance?date=2026-06-10, context: true, user: true, role: admin, allowed: ["admin","guru"]
[2026-06-10T15:29:55.033Z] URL: /, Method: GET, Auth: Bearer QdUI9g39eWnns..., Session: User: admin@school.com, Role: admin
[requireRole] URL: /, context: true, user: true, role: admin, allowed: ["admin"]
[2026-06-10T15:29:55.079Z] URL: /stats?date=2026-06-10, Method: GET, Auth: Bearer QdUI9g39eWnns..., Session: User: admin@school.com, Role: admin
[requireRole] URL: /stats?date=2026-06-10, context: true, user: true, role: admin, allowed: ["admin","guru"]
[2026-06-10T15:29:55.094Z] URL: /, Method: GET, Auth: Bearer QdUI9g39eWnns..., Session: User: admin@school.com, Role: admin
[requireRole] URL: /, context: true, user: true, role: admin, allowed: ["admin"]
[2026-06-10T15:29:55.103Z] URL: /attendance?date=2026-06-10, Method: GET, Auth: Bearer QdUI9g39eWnns..., Session: User: admin@school.com, Role: admin
[requireRole] URL: /attendance?date=2026-06-10, context: true, user: true, role: admin, allowed: ["admin","guru"]
[2026-06-10T15:29:55.115Z] URL: /stats?date=2026-06-10, Method: GET, Auth: Bearer QdUI9g39eWnns..., Session: User: admin@school.com, Role: admin
[requireRole] URL: /stats?date=2026-06-10, context: true, user: true, role: admin, allowed: ["admin","guru"]
[2026-06-10T15:29:55.133Z] URL: /attendance?date=2026-06-10, Method: GET, Auth: Bearer QdUI9g39eWnns..., Session: User: admin@school.com, Role: admin
[requireRole] URL: /attendance?date=2026-06-10, context: true, user: true, role: admin, allowed: ["admin","guru"]
[2026-06-10T15:29:55.146Z] URL: /stats?date=2026-06-10, Method: GET, Auth: Bearer QdUI9g39eWnns..., Session: User: admin@school.com, Role: admin
[requireRole] URL: /stats?date=2026-06-10, context: true, user: true, role: admin, allowed: ["admin","guru"]
[2026-06-10T15:29:55.158Z] URL: /attendance?date=2026-06-10, Method: GET, Auth: Bearer QdUI9g39eWnns..., Session: User: admin@school.com, Role: admin
[requireRole] URL: /attendance?date=2026-06-10, context: true, user: true, role: admin, allowed: ["admin","guru"]
[2026-06-10T15:30:06.733Z] URL: /attendance?date=2026-06-09, Method: GET, Auth: Bearer QdUI9g39eWnns..., Session: User: admin@school.com, Role: admin
[requireRole] URL: /attendance?date=2026-06-09, context: true, user: true, role: admin, allowed: ["admin","guru"]
[2026-06-10T15:30:06.764Z] URL: /stats?date=2026-06-09, Method: GET, Auth: Bearer QdUI9g39eWnns..., Session: User: admin@school.com, Role: admin
[requireRole] URL: /stats?date=2026-06-09, context: true, user: true, role: admin, allowed: ["admin","guru"]
[2026-06-10T15:30:12.409Z] URL: /stats?date=2026-06-09&classId=1, Method: GET, Auth: Bearer QdUI9g39eWnns..., Session: User: admin@school.com, Role: admin
[requireRole] URL: /stats?date=2026-06-09&classId=1, context: true, user: true, role: admin, allowed: ["admin","guru"]
[2026-06-10T15:30:12.417Z] URL: /attendance?date=2026-06-09&classId=1, Method: GET, Auth: Bearer QdUI9g39eWnns..., Session: User: admin@school.com, Role: admin
[requireRole] URL: /attendance?date=2026-06-09&classId=1, context: true, user: true, role: admin, allowed: ["admin","guru"]
[2026-06-10T15:30:17.742Z] URL: /stats?date=2026-06-09&classId=1&month=6, Method: GET, Auth: Bearer QdUI9g39eWnns..., Session: User: admin@school.com, Role: admin
[requireRole] URL: /stats?date=2026-06-09&classId=1&month=6, context: true, user: true, role: admin, allowed: ["admin","guru"]
[2026-06-10T15:30:17.768Z] URL: /attendance?date=2026-06-09&classId=1&month=6, Method: GET, Auth: Bearer QdUI9g39eWnns..., Session: User: admin@school.com, Role: admin
[requireRole] URL: /attendance?date=2026-06-09&classId=1&month=6, context: true, user: true, role: admin, allowed: ["admin","guru"]
[2026-06-10T15:30:20.829Z] URL: /stats?date=2026-06-09&classId=1&month=6&year=2026, Method: GET, Auth: Bearer QdUI9g39eWnns..., Session: User: admin@school.com, Role: admin
[requireRole] URL: /stats?date=2026-06-09&classId=1&month=6&year=2026, context: true, user: true, role: admin, allowed: ["admin","guru"]
[2026-06-10T15:30:20.832Z] URL: /attendance?date=2026-06-09&classId=1&month=6&year=2026, Method: GET, Auth: Bearer QdUI9g39eWnns..., Session: User: admin@school.com, Role: admin
[requireRole] URL: /attendance?date=2026-06-09&classId=1&month=6&year=2026, context: true, user: true, role: admin, allowed: ["admin","guru"]
[2026-06-10T15:30:25.608Z] URL: /stats?date=2026-06-09&month=6&year=2026, Method: GET, Auth: Bearer QdUI9g39eWnns..., Session: User: admin@school.com, Role: admin
[requireRole] URL: /stats?date=2026-06-09&month=6&year=2026, context: true, user: true, role: admin, allowed: ["admin","guru"]
[2026-06-10T15:30:25.612Z] URL: /attendance?date=2026-06-09&month=6&year=2026, Method: GET, Auth: Bearer QdUI9g39eWnns..., Session: User: admin@school.com, Role: admin
[requireRole] URL: /attendance?date=2026-06-09&month=6&year=2026, context: true, user: true, role: admin, allowed: ["admin","guru"]
[2026-06-10T15:30:29.666Z] URL: /attendance?date=2026-06-09&year=2026, Method: GET, Auth: Bearer QdUI9g39eWnns..., Session: User: admin@school.com, Role: admin
[requireRole] URL: /attendance?date=2026-06-09&year=2026, context: true, user: true, role: admin, allowed: ["admin","guru"]
[2026-06-10T15:30:29.669Z] URL: /stats?date=2026-06-09&year=2026, Method: GET, Auth: Bearer QdUI9g39eWnns..., Session: User: admin@school.com, Role: admin
[requireRole] URL: /stats?date=2026-06-09&year=2026, context: true, user: true, role: admin, allowed: ["admin","guru"]
[2026-06-10T15:33:32.714Z] URL: /stats?date=2026-06-10, Method: GET, Auth: Bearer QdUI9g39eWnns..., Session: User: admin@school.com, Role: admin
[requireRole] URL: /stats?date=2026-06-10, context: true, user: true, role: admin, allowed: ["admin","guru"]
[2026-06-10T15:33:32.736Z] URL: /attendance?date=2026-06-10, Method: GET, Auth: Bearer QdUI9g39eWnns..., Session: User: admin@school.com, Role: admin
[requireRole] URL: /attendance?date=2026-06-10, context: true, user: true, role: admin, allowed: ["admin","guru"]
[2026-06-10T15:33:32.746Z] URL: /, Method: GET, Auth: Bearer QdUI9g39eWnns..., Session: User: admin@school.com, Role: admin
[requireRole] URL: /, context: true, user: true, role: admin, allowed: ["admin"]
[2026-06-10T15:33:32.778Z] URL: /stats?date=2026-06-10, Method: GET, Auth: Bearer QdUI9g39eWnns..., Session: User: admin@school.com, Role: admin
[requireRole] URL: /stats?date=2026-06-10, context: true, user: true, role: admin, allowed: ["admin","guru"]
[2026-06-10T15:33:32.795Z] URL: /attendance?date=2026-06-10, Method: GET, Auth: Bearer QdUI9g39eWnns..., Session: User: admin@school.com, Role: admin
[requireRole] URL: /attendance?date=2026-06-10, context: true, user: true, role: admin, allowed: ["admin","guru"]
[2026-06-10T15:33:32.799Z] URL: /, Method: GET, Auth: Bearer QdUI9g39eWnns..., Session: User: admin@school.com, Role: admin
[requireRole] URL: /, context: true, user: true, role: admin, allowed: ["admin"]
[2026-06-10T15:33:32.819Z] URL: /stats?date=2026-06-10, Method: GET, Auth: Bearer QdUI9g39eWnns..., Session: User: admin@school.com, Role: admin
[requireRole] URL: /stats?date=2026-06-10, context: true, user: true, role: admin, allowed: ["admin","guru"]
[2026-06-10T15:33:32.835Z] URL: /attendance?date=2026-06-10, Method: GET, Auth: Bearer QdUI9g39eWnns..., Session: User: admin@school.com, Role: admin
[requireRole] URL: /attendance?date=2026-06-10, context: true, user: true, role: admin, allowed: ["admin","guru"]
[2026-06-10T15:33:32.851Z] URL: /stats?date=2026-06-10, Method: GET, Auth: Bearer QdUI9g39eWnns..., Session: User: admin@school.com, Role: admin
[requireRole] URL: /stats?date=2026-06-10, context: true, user: true, role: admin, allowed: ["admin","guru"]
[2026-06-10T15:33:32.863Z] URL: /attendance?date=2026-06-10, Method: GET, Auth: Bearer QdUI9g39eWnns..., Session: User: admin@school.com, Role: admin
[requireRole] URL: /attendance?date=2026-06-10, context: true, user: true, role: admin, allowed: ["admin","guru"]
[2026-06-10T15:33:35.928Z] URL: /, Method: GET, Auth: Bearer QdUI9g39eWnns..., Session: User: admin@school.com, Role: admin
[requireRole] URL: /, context: true, user: true, role: admin, allowed: ["admin"]
[2026-06-10T15:33:35.930Z] URL: /, Method: GET, Auth: Bearer QdUI9g39eWnns..., Session: User: admin@school.com, Role: admin
[requireRole] URL: /, context: true, user: true, role: admin, allowed: ["admin"]
[2026-06-10T15:33:35.944Z] URL: /, Method: GET, Auth: Bearer QdUI9g39eWnns..., Session: User: admin@school.com, Role: admin
[requireRole] URL: /, context: true, user: true, role: admin, allowed: ["admin"]
[2026-06-10T15:33:35.962Z] URL: /, Method: GET, Auth: Bearer QdUI9g39eWnns..., Session: User: admin@school.com, Role: admin
[requireRole] URL: /, context: true, user: true, role: admin, allowed: ["admin"]
[2026-06-10T15:33:35.964Z] URL: /, Method: GET, Auth: Bearer QdUI9g39eWnns..., Session: User: admin@school.com, Role: admin
[requireRole] URL: /, context: true, user: true, role: admin, allowed: ["admin"]
[2026-06-10T15:33:35.979Z] URL: /, Method: GET, Auth: Bearer QdUI9g39eWnns..., Session: User: admin@school.com, Role: admin
[requireRole] URL: /, context: true, user: true, role: admin, allowed: ["admin"]
[2026-06-10T15:33:35.986Z] URL: /, Method: GET, Auth: Bearer QdUI9g39eWnns..., Session: User: admin@school.com, Role: admin
[requireRole] URL: /, context: true, user: true, role: admin, allowed: ["admin"]
[2026-06-10T15:33:46.085Z] URL: /2, Method: PUT, Auth: Bearer QdUI9g39eWnns..., Session: User: admin@school.com, Role: admin
[requireRole] URL: /2, context: true, user: true, role: admin, allowed: ["admin"]
[2026-06-10T15:33:46.172Z] URL: /, Method: GET, Auth: Bearer QdUI9g39eWnns..., Session: User: admin@school.com, Role: admin
[requireRole] URL: /, context: true, user: true, role: admin, allowed: ["admin"]
[2026-06-10T15:33:46.176Z] URL: /, Method: GET, Auth: Bearer QdUI9g39eWnns..., Session: User: admin@school.com, Role: admin
[requireRole] URL: /, context: true, user: true, role: admin, allowed: ["admin"]
[2026-06-10T15:33:46.178Z] URL: /, Method: GET, Auth: Bearer QdUI9g39eWnns..., Session: User: admin@school.com, Role: admin
[requireRole] URL: /, context: true, user: true, role: admin, allowed: ["admin"]
[2026-06-10T15:34:53.313Z] URL: /, Method: POST, Auth: Bearer QdUI9g39eWnns..., Session: User: admin@school.com, Role: admin
[requireRole] URL: /, context: true, user: true, role: admin, allowed: ["admin"]
[2026-06-10T15:34:53.479Z] URL: /, Method: GET, Auth: Bearer QdUI9g39eWnns..., Session: User: admin@school.com, Role: admin
[requireRole] URL: /, context: true, user: true, role: admin, allowed: ["admin"]
[2026-06-10T15:34:53.482Z] URL: /, Method: GET, Auth: Bearer QdUI9g39eWnns..., Session: User: admin@school.com, Role: admin
[requireRole] URL: /, context: true, user: true, role: admin, allowed: ["admin"]
[2026-06-10T15:34:53.485Z] URL: /, Method: GET, Auth: Bearer QdUI9g39eWnns..., Session: User: admin@school.com, Role: admin
[requireRole] URL: /, context: true, user: true, role: admin, allowed: ["admin"]
[2026-06-10T15:36:01.253Z] URL: /stats?date=2026-06-10, Method: GET, Auth: Bearer QdUI9g39eWnns..., Session: User: admin@school.com, Role: admin
[requireRole] URL: /stats?date=2026-06-10, context: true, user: true, role: admin, allowed: ["admin","guru"]
[2026-06-10T15:36:01.264Z] URL: /attendance?date=2026-06-10, Method: GET, Auth: Bearer QdUI9g39eWnns..., Session: User: admin@school.com, Role: admin
[requireRole] URL: /attendance?date=2026-06-10, context: true, user: true, role: admin, allowed: ["admin","guru"]
[2026-06-10T15:36:01.268Z] URL: /, Method: GET, Auth: Bearer QdUI9g39eWnns..., Session: User: admin@school.com, Role: admin
[requireRole] URL: /, context: true, user: true, role: admin, allowed: ["admin"]
[2026-06-10T15:36:01.381Z] URL: /, Method: GET, Auth: Bearer QdUI9g39eWnns..., Session: User: admin@school.com, Role: admin
[requireRole] URL: /, context: true, user: true, role: admin, allowed: ["admin"]
[2026-06-10T15:36:01.383Z] URL: /attendance?date=2026-06-10, Method: GET, Auth: Bearer QdUI9g39eWnns..., Session: User: admin@school.com, Role: admin
[requireRole] URL: /attendance?date=2026-06-10, context: true, user: true, role: admin, allowed: ["admin","guru"]
[2026-06-10T15:36:01.396Z] URL: /stats?date=2026-06-10, Method: GET, Auth: Bearer QdUI9g39eWnns..., Session: User: admin@school.com, Role: admin
[requireRole] URL: /stats?date=2026-06-10, context: true, user: true, role: admin, allowed: ["admin","guru"]
[2026-06-10T15:36:01.417Z] URL: /attendance?date=2026-06-10, Method: GET, Auth: Bearer QdUI9g39eWnns..., Session: User: admin@school.com, Role: admin
[requireRole] URL: /attendance?date=2026-06-10, context: true, user: true, role: admin, allowed: ["admin","guru"]
[2026-06-10T15:36:01.430Z] URL: /stats?date=2026-06-10, Method: GET, Auth: Bearer QdUI9g39eWnns..., Session: User: admin@school.com, Role: admin
[requireRole] URL: /stats?date=2026-06-10, context: true, user: true, role: admin, allowed: ["admin","guru"]
[2026-06-10T15:36:01.448Z] URL: /attendance?date=2026-06-10, Method: GET, Auth: Bearer QdUI9g39eWnns..., Session: User: admin@school.com, Role: admin
[requireRole] URL: /attendance?date=2026-06-10, context: true, user: true, role: admin, allowed: ["admin","guru"]
[2026-06-10T15:36:01.458Z] URL: /stats?date=2026-06-10, Method: GET, Auth: Bearer QdUI9g39eWnns..., Session: User: admin@school.com, Role: admin
[requireRole] URL: /stats?date=2026-06-10, context: true, user: true, role: admin, allowed: ["admin","guru"]
[2026-06-10T15:36:06.634Z] URL: /, Method: GET, Auth: Bearer QdUI9g39eWnns..., Session: User: admin@school.com, Role: admin
[requireRole] URL: /, context: true, user: true, role: admin, allowed: ["admin"]
[2026-06-10T15:36:06.638Z] URL: /, Method: GET, Auth: Bearer QdUI9g39eWnns..., Session: User: admin@school.com, Role: admin
[requireRole] URL: /, context: true, user: true, role: admin, allowed: ["admin"]
[2026-06-10T15:36:06.650Z] URL: /, Method: GET, Auth: Bearer QdUI9g39eWnns..., Session: User: admin@school.com, Role: admin
[requireRole] URL: /, context: true, user: true, role: admin, allowed: ["admin"]
[2026-06-10T15:36:06.675Z] URL: /, Method: GET, Auth: Bearer QdUI9g39eWnns..., Session: User: admin@school.com, Role: admin
[requireRole] URL: /, context: true, user: true, role: admin, allowed: ["admin"]
[2026-06-10T15:36:06.678Z] URL: /, Method: GET, Auth: Bearer QdUI9g39eWnns..., Session: User: admin@school.com, Role: admin
[requireRole] URL: /, context: true, user: true, role: admin, allowed: ["admin"]
[2026-06-10T15:36:06.691Z] URL: /, Method: GET, Auth: Bearer QdUI9g39eWnns..., Session: User: admin@school.com, Role: admin
[requireRole] URL: /, context: true, user: true, role: admin, allowed: ["admin"]
[2026-06-10T15:36:06.701Z] URL: /, Method: GET, Auth: Bearer QdUI9g39eWnns..., Session: User: admin@school.com, Role: admin
[requireRole] URL: /, context: true, user: true, role: admin, allowed: ["admin"]
[2026-06-10T15:36:15.976Z] URL: /2, Method: PUT, Auth: Bearer QdUI9g39eWnns..., Session: User: admin@school.com, Role: admin
[requireRole] URL: /2, context: true, user: true, role: admin, allowed: ["admin"]
[2026-06-10T15:36:16.227Z] URL: /, Method: GET, Auth: Bearer QdUI9g39eWnns..., Session: User: admin@school.com, Role: admin
[requireRole] URL: /, context: true, user: true, role: admin, allowed: ["admin"]
[2026-06-10T15:36:16.233Z] URL: /, Method: GET, Auth: Bearer QdUI9g39eWnns..., Session: User: admin@school.com, Role: admin
[requireRole] URL: /, context: true, user: true, role: admin, allowed: ["admin"]
[2026-06-10T15:36:16.236Z] URL: /, Method: GET, Auth: Bearer QdUI9g39eWnns..., Session: User: admin@school.com, Role: admin
[requireRole] URL: /, context: true, user: true, role: admin, allowed: ["admin"]
[2026-06-10T15:36:24.686Z] URL: /3, Method: PUT, Auth: Bearer QdUI9g39eWnns..., Session: User: admin@school.com, Role: admin
[requireRole] URL: /3, context: true, user: true, role: admin, allowed: ["admin"]
[2026-06-10T15:36:24.844Z] URL: /, Method: GET, Auth: Bearer QdUI9g39eWnns..., Session: User: admin@school.com, Role: admin
[requireRole] URL: /, context: true, user: true, role: admin, allowed: ["admin"]
[2026-06-10T15:36:24.846Z] URL: /, Method: GET, Auth: Bearer QdUI9g39eWnns..., Session: User: admin@school.com, Role: admin
[requireRole] URL: /, context: true, user: true, role: admin, allowed: ["admin"]
[2026-06-10T15:36:24.847Z] URL: /, Method: GET, Auth: Bearer QdUI9g39eWnns..., Session: User: admin@school.com, Role: admin
[requireRole] URL: /, context: true, user: true, role: admin, allowed: ["admin"]
[2026-06-10T15:36:29.051Z] URL: /5, Method: PUT, Auth: Bearer QdUI9g39eWnns..., Session: User: admin@school.com, Role: admin
[requireRole] URL: /5, context: true, user: true, role: admin, allowed: ["admin"]
[2026-06-10T15:36:29.194Z] URL: /, Method: GET, Auth: Bearer QdUI9g39eWnns..., Session: User: admin@school.com, Role: admin
[requireRole] URL: /, context: true, user: true, role: admin, allowed: ["admin"]
[2026-06-10T15:36:29.196Z] URL: /, Method: GET, Auth: Bearer QdUI9g39eWnns..., Session: User: admin@school.com, Role: admin
[requireRole] URL: /, context: true, user: true, role: admin, allowed: ["admin"]
[2026-06-10T15:36:29.198Z] URL: /, Method: GET, Auth: Bearer QdUI9g39eWnns..., Session: User: admin@school.com, Role: admin
[requireRole] URL: /, context: true, user: true, role: admin, allowed: ["admin"]
[2026-06-10T15:36:50.277Z] URL: /, Method: GET, Auth: Bearer QdUI9g39eWnns..., Session: User: admin@school.com, Role: admin
[requireRole] URL: /, context: true, user: true, role: admin, allowed: ["admin"]
[2026-06-10T15:36:50.294Z] URL: /, Method: GET, Auth: Bearer QdUI9g39eWnns..., Session: User: admin@school.com, Role: admin
[requireRole] URL: /, context: true, user: true, role: admin, allowed: ["admin"]
[2026-06-10T15:36:50.309Z] URL: /, Method: GET, Auth: Bearer QdUI9g39eWnns..., Session: User: admin@school.com, Role: admin
[requireRole] URL: /, context: true, user: true, role: admin, allowed: ["admin"]
[2026-06-10T15:37:03.281Z] URL: /, Method: GET, Auth: Bearer QdUI9g39eWnns..., Session: User: admin@school.com, Role: admin
[requireRole] URL: /, context: true, user: true, role: admin, allowed: ["admin"]
[2026-06-10T15:37:03.286Z] URL: /, Method: GET, Auth: Bearer QdUI9g39eWnns..., Session: User: admin@school.com, Role: admin
[requireRole] URL: /, context: true, user: true, role: admin, allowed: ["admin"]
[2026-06-10T15:37:03.289Z] URL: /, Method: GET, Auth: Bearer QdUI9g39eWnns..., Session: User: admin@school.com, Role: admin
[requireRole] URL: /, context: true, user: true, role: admin, allowed: ["admin"]
[2026-06-10T15:37:03.310Z] URL: /, Method: GET, Auth: Bearer QdUI9g39eWnns..., Session: User: admin@school.com, Role: admin
[requireRole] URL: /, context: true, user: true, role: admin, allowed: ["admin"]
[2026-06-10T15:37:03.322Z] URL: /, Method: GET, Auth: Bearer QdUI9g39eWnns..., Session: User: admin@school.com, Role: admin
[requireRole] URL: /, context: true, user: true, role: admin, allowed: ["admin"]
[2026-06-10T15:37:03.324Z] URL: /, Method: GET, Auth: Bearer QdUI9g39eWnns..., Session: User: admin@school.com, Role: admin
[requireRole] URL: /, context: true, user: true, role: admin, allowed: ["admin"]
[2026-06-10T15:37:03.338Z] URL: /, Method: GET, Auth: Bearer QdUI9g39eWnns..., Session: User: admin@school.com, Role: admin
[requireRole] URL: /, context: true, user: true, role: admin, allowed: ["admin"]
[2026-06-10T15:40:27.046Z] URL: /stats?date=2026-06-10, Method: GET, Auth: Bearer QdUI9g39eWnns..., Session: User: admin@school.com, Role: admin
[requireRole] URL: /stats?date=2026-06-10, context: true, user: true, role: admin, allowed: ["admin","guru"]
[2026-06-10T15:40:27.097Z] URL: /attendance?date=2026-06-10, Method: GET, Auth: Bearer QdUI9g39eWnns..., Session: User: admin@school.com, Role: admin
[requireRole] URL: /attendance?date=2026-06-10, context: true, user: true, role: admin, allowed: ["admin","guru"]
[2026-06-10T15:40:27.111Z] URL: /, Method: GET, Auth: Bearer QdUI9g39eWnns..., Session: User: admin@school.com, Role: admin
[requireRole] URL: /, context: true, user: true, role: admin, allowed: ["admin"]
[2026-06-10T15:40:27.141Z] URL: /stats?date=2026-06-10, Method: GET, Auth: Bearer QdUI9g39eWnns..., Session: User: admin@school.com, Role: admin
[requireRole] URL: /stats?date=2026-06-10, context: true, user: true, role: admin, allowed: ["admin","guru"]
[2026-06-10T15:40:27.179Z] URL: /attendance?date=2026-06-10, Method: GET, Auth: Bearer QdUI9g39eWnns..., Session: User: admin@school.com, Role: admin
[requireRole] URL: /attendance?date=2026-06-10, context: true, user: true, role: admin, allowed: ["admin","guru"]
[2026-06-10T15:40:27.194Z] URL: /, Method: GET, Auth: Bearer QdUI9g39eWnns..., Session: User: admin@school.com, Role: admin
[requireRole] URL: /, context: true, user: true, role: admin, allowed: ["admin"]
[2026-06-10T15:40:27.225Z] URL: /stats?date=2026-06-10, Method: GET, Auth: Bearer QdUI9g39eWnns..., Session: User: admin@school.com, Role: admin
[requireRole] URL: /stats?date=2026-06-10, context: true, user: true, role: admin, allowed: ["admin","guru"]
[2026-06-10T15:40:27.233Z] URL: /attendance?date=2026-06-10, Method: GET, Auth: Bearer QdUI9g39eWnns..., Session: User: admin@school.com, Role: admin
[requireRole] URL: /attendance?date=2026-06-10, context: true, user: true, role: admin, allowed: ["admin","guru"]
[2026-06-10T15:40:27.260Z] URL: /stats?date=2026-06-10, Method: GET, Auth: Bearer QdUI9g39eWnns..., Session: User: admin@school.com, Role: admin
[requireRole] URL: /stats?date=2026-06-10, context: true, user: true, role: admin, allowed: ["admin","guru"]
[2026-06-10T15:40:27.269Z] URL: /attendance?date=2026-06-10, Method: GET, Auth: Bearer QdUI9g39eWnns..., Session: User: admin@school.com, Role: admin
[requireRole] URL: /attendance?date=2026-06-10, context: true, user: true, role: admin, allowed: ["admin","guru"]
[2026-06-10T15:40:37.427Z] URL: /, Method: GET, Auth: Bearer QdUI9g39eWnns..., Session: User: admin@school.com, Role: admin
[requireRole] URL: /, context: true, user: true, role: admin, allowed: ["admin"]
[2026-06-10T15:40:37.430Z] URL: /, Method: GET, Auth: Bearer QdUI9g39eWnns..., Session: User: admin@school.com, Role: admin
[requireRole] URL: /, context: true, user: true, role: admin, allowed: ["admin"]
[2026-06-10T15:40:37.431Z] URL: /, Method: GET, Auth: Bearer QdUI9g39eWnns..., Session: User: admin@school.com, Role: admin
[requireRole] URL: /, context: true, user: true, role: admin, allowed: ["admin"]
[2026-06-10T15:40:37.484Z] URL: /, Method: GET, Auth: Bearer QdUI9g39eWnns..., Session: User: admin@school.com, Role: admin
[requireRole] URL: /, context: true, user: true, role: admin, allowed: ["admin"]
[2026-06-10T15:40:37.501Z] URL: /, Method: GET, Auth: Bearer QdUI9g39eWnns..., Session: User: admin@school.com, Role: admin
[requireRole] URL: /, context: true, user: true, role: admin, allowed: ["admin"]
[2026-06-10T15:40:37.506Z] URL: /, Method: GET, Auth: Bearer QdUI9g39eWnns..., Session: User: admin@school.com, Role: admin
[requireRole] URL: /, context: true, user: true, role: admin, allowed: ["admin"]
[2026-06-10T15:40:37.541Z] URL: /, Method: GET, Auth: Bearer QdUI9g39eWnns..., Session: User: admin@school.com, Role: admin
[requireRole] URL: /, context: true, user: true, role: admin, allowed: ["admin"]
[2026-06-10T15:40:45.127Z] URL: /stats?date=2026-06-10, Method: GET, Auth: Bearer QdUI9g39eWnns..., Session: User: admin@school.com, Role: admin
[requireRole] URL: /stats?date=2026-06-10, context: true, user: true, role: admin, allowed: ["admin","guru"]
[2026-06-10T15:40:45.133Z] URL: /attendance?date=2026-06-10, Method: GET, Auth: Bearer QdUI9g39eWnns..., Session: User: admin@school.com, Role: admin
[requireRole] URL: /attendance?date=2026-06-10, context: true, user: true, role: admin, allowed: ["admin","guru"]
[2026-06-10T15:40:45.135Z] URL: /, Method: GET, Auth: Bearer QdUI9g39eWnns..., Session: User: admin@school.com, Role: admin
[requireRole] URL: /, context: true, user: true, role: admin, allowed: ["admin"]
[2026-06-10T15:40:45.169Z] URL: /stats?date=2026-06-10, Method: GET, Auth: Bearer QdUI9g39eWnns..., Session: User: admin@school.com, Role: admin
[requireRole] URL: /stats?date=2026-06-10, context: true, user: true, role: admin, allowed: ["admin","guru"]
[2026-06-10T15:40:45.215Z] URL: /attendance?date=2026-06-10, Method: GET, Auth: Bearer QdUI9g39eWnns..., Session: User: admin@school.com, Role: admin
[requireRole] URL: /attendance?date=2026-06-10, context: true, user: true, role: admin, allowed: ["admin","guru"]
[2026-06-10T15:40:45.219Z] URL: /, Method: GET, Auth: Bearer QdUI9g39eWnns..., Session: User: admin@school.com, Role: admin
[requireRole] URL: /, context: true, user: true, role: admin, allowed: ["admin"]
[2026-06-10T15:40:45.251Z] URL: /stats?date=2026-06-10, Method: GET, Auth: Bearer QdUI9g39eWnns..., Session: User: admin@school.com, Role: admin
[requireRole] URL: /stats?date=2026-06-10, context: true, user: true, role: admin, allowed: ["admin","guru"]
[2026-06-10T15:40:45.261Z] URL: /attendance?date=2026-06-10, Method: GET, Auth: Bearer QdUI9g39eWnns..., Session: User: admin@school.com, Role: admin
[requireRole] URL: /attendance?date=2026-06-10, context: true, user: true, role: admin, allowed: ["admin","guru"]
[2026-06-10T15:40:45.284Z] URL: /stats?date=2026-06-10, Method: GET, Auth: Bearer QdUI9g39eWnns..., Session: User: admin@school.com, Role: admin
[requireRole] URL: /stats?date=2026-06-10, context: true, user: true, role: admin, allowed: ["admin","guru"]
[2026-06-10T15:40:45.297Z] URL: /attendance?date=2026-06-10, Method: GET, Auth: Bearer QdUI9g39eWnns..., Session: User: admin@school.com, Role: admin
[requireRole] URL: /attendance?date=2026-06-10, context: true, user: true, role: admin, allowed: ["admin","guru"]
